unique_id,timepoint,scale,score
5,1,SITES,5
5,1,IRI_FS,17
5,1,IRI_EC,22
5,1,IRI_PT,20
5,1,IRI_PD,16
5,1,IRI_total,75
5,1,EQ_total,40
5,1,EQ_cog,15
5,1,EQ_aff,12
5,1,EQ_soc,8
5,1,PET_total,3.2857142857142856
5,1,EYES_total,30
6,1,SITES,5
6,1,IRI_FS,17
6,1,IRI_EC,23
6,1,IRI_PT,19
6,1,IRI_PD,4
6,1,IRI_total,63
6,1,EQ_total,33
6,1,EQ_cog,18
6,1,EQ_aff,9
6,1,EQ_soc,5
6,1,PET_total,3.857142857142857
6,1,EYES_total,26
7,1,SITES,4
7,1,IRI_FS,18
7,1,IRI_EC,19
7,1,IRI_PT,17
7,1,IRI_PD,15
7,1,IRI_total,69
7,1,EQ_total,28
7,1,EQ_cog,7
7,1,EQ_aff,14
7,1,EQ_soc,5
7,1,PET_total,4.857142857142857
7,1,EYES_total,27
8,1,SITES,4
8,1,IRI_FS,10
8,1,IRI_EC,14
8,1,IRI_PT,15
8,1,IRI_PD,12
8,1,IRI_total,51
8,1,EQ_total,24
8,1,EQ_cog,5
8,1,EQ_aff,9
8,1,EQ_soc,7
8,1,PET_total,3.142857142857143
8,1,EYES_total,20
9,1,SITES,5
9,1,IRI_FS,12
9,1,IRI_EC,16
9,1,IRI_PT,15
9,1,IRI_PD,7
9,1,IRI_total,50
9,1,EQ_total,67
9,1,EQ_cog,27
9,1,EQ_aff,18
9,1,EQ_soc,13
9,1,PET_total,3.2857142857142856
9,1,EYES_total,27
10,1,SITES,2
10,1,IRI_FS,9
10,1,IRI_EC,12
10,1,IRI_PT,19
10,1,IRI_PD,5
10,1,IRI_total,45
10,1,EQ_total,35
10,1,EQ_cog,23
10,1,EQ_aff,7
10,1,EQ_soc,2
10,1,PET_total,2.4285714285714284
10,1,EYES_total,19
11,1,SITES,4
11,1,IRI_FS,16
11,1,IRI_EC,18
11,1,IRI_PT,17
11,1,IRI_PD,14
11,1,IRI_total,65
11,1,EQ_total,26
11,1,EQ_cog,9
11,1,EQ_aff,9
11,1,EQ_soc,3
11,1,PET_total,4.571428571428571
11,1,EYES_total,28
12,1,SITES,4
12,1,IRI_FS,10
12,1,IRI_EC,16
12,1,IRI_PT,14
12,1,IRI_PD,7
12,1,IRI_total,47
12,1,EQ_total,40
12,1,EQ_cog,19
12,1,EQ_aff,11
12,1,EQ_soc,3
12,1,PET_total,1.7142857142857142
12,1,EYES_total,31
13,1,SITES,5
13,1,IRI_FS,27
13,1,IRI_EC,25
13,1,IRI_PT,24
13,1,IRI_PD,20
13,1,IRI_total,96
13,1,EQ_total,23
13,1,EQ_cog,6
13,1,EQ_aff,14
13,1,EQ_soc,6
13,1,PET_total,3.5714285714285716
13,1,EYES_total,23
14,1,SITES,3
14,1,IRI_FS,26
14,1,IRI_EC,16
14,1,IRI_PT,21
14,1,IRI_PD,10
14,1,IRI_total,73
14,1,EQ_total,38
14,1,EQ_cog,11
14,1,EQ_aff,14
14,1,EQ_soc,9
14,1,PET_total,3.2857142857142856
14,1,EYES_total,31
15,1,SITES,4
15,1,IRI_FS,15
15,1,IRI_EC,22
15,1,IRI_PT,20
15,1,IRI_PD,16
15,1,IRI_total,73
15,1,EQ_total,39
15,1,EQ_cog,9
15,1,EQ_aff,17
15,1,EQ_soc,8
15,1,PET_total,3.7142857142857144
15,1,EYES_total,15
16,1,SITES,4
16,1,IRI_FS,8
16,1,IRI_EC,16
16,1,IRI_PT,12
16,1,IRI_PD,7
16,1,IRI_total,43
16,1,EQ_total,28
16,1,EQ_cog,14
16,1,EQ_aff,7
16,1,EQ_soc,3
16,1,PET_total,3.142857142857143
16,1,EYES_total,28
17,1,SITES,3
17,1,IRI_FS,17
17,1,IRI_EC,23
17,1,IRI_PT,9
17,1,IRI_PD,20
17,1,IRI_total,69
17,1,EQ_total,45
17,1,EQ_cog,13
17,1,EQ_aff,16
17,1,EQ_soc,7
17,1,PET_total,3.2857142857142856
17,1,EYES_total,28
18,1,SITES,4
18,1,IRI_FS,21
18,1,IRI_EC,22
18,1,IRI_PT,19
18,1,IRI_PD,15
18,1,IRI_total,77
18,1,EQ_total,28
18,1,EQ_cog,12
18,1,EQ_aff,12
18,1,EQ_soc,6
18,1,PET_total,3.7142857142857144
18,1,EYES_total,21
19,1,SITES,5
19,1,IRI_FS,20
19,1,IRI_EC,25
19,1,IRI_PT,26
19,1,IRI_PD,8
19,1,IRI_total,79
19,1,EQ_total,66
19,1,EQ_cog,21
19,1,EQ_aff,23
19,1,EQ_soc,10
19,1,PET_total,4
19,1,EYES_total,30
20,1,SITES,3
20,1,IRI_FS,13
20,1,IRI_EC,16
20,1,IRI_PT,12
20,1,IRI_PD,18
20,1,IRI_total,59
20,1,EQ_total,33
20,1,EQ_cog,10
20,1,EQ_aff,14
20,1,EQ_soc,11
20,1,PET_total,4
20,1,EYES_total,30
21,1,SITES,4
21,1,IRI_FS,20
21,1,IRI_EC,21
21,1,IRI_PT,19
21,1,IRI_PD,12
21,1,IRI_total,72
21,1,EQ_total,63
21,1,EQ_cog,28
21,1,EQ_aff,21
21,1,EQ_soc,9
21,1,PET_total,4.714285714285714
21,1,EYES_total,30
22,1,SITES,3
22,1,IRI_FS,5
22,1,IRI_EC,5
22,1,IRI_PT,12
22,1,IRI_PD,12
22,1,IRI_total,34
22,1,EQ_total,31
22,1,EQ_cog,10
22,1,EQ_aff,8
22,1,EQ_soc,10
22,1,PET_total,2.2857142857142856
22,1,EYES_total,27
23,1,SITES,5
23,1,IRI_FS,18
23,1,IRI_EC,26
23,1,IRI_PT,25
23,1,IRI_PD,14
23,1,IRI_total,83
23,1,EQ_total,48
23,1,EQ_cog,20
23,1,EQ_aff,11
23,1,EQ_soc,10
23,1,PET_total,2
23,1,EYES_total,26
24,1,SITES,4
24,1,IRI_FS,26
24,1,IRI_EC,25
24,1,IRI_PT,19
24,1,IRI_PD,11
24,1,IRI_total,81
24,1,EQ_total,55
24,1,EQ_cog,30
24,1,EQ_aff,14
24,1,EQ_soc,6
24,1,PET_total,4
24,1,EYES_total,30
25,1,SITES,5
25,1,IRI_FS,19
25,1,IRI_EC,23
25,1,IRI_PT,19
25,1,IRI_PD,11
25,1,IRI_total,72
25,1,EQ_total,50
25,1,EQ_cog,20
25,1,EQ_aff,19
25,1,EQ_soc,7
25,1,PET_total,4.571428571428571
25,1,EYES_total,26
26,1,SITES,5
26,1,IRI_FS,19
26,1,IRI_EC,17
26,1,IRI_PT,10
26,1,IRI_PD,8
26,1,IRI_total,54
26,1,EQ_total,33
26,1,EQ_cog,13
26,1,EQ_aff,11
26,1,EQ_soc,5
26,1,PET_total,4.142857142857143
26,1,EYES_total,21
27,1,SITES,4
27,1,IRI_FS,23
27,1,IRI_EC,25
27,1,IRI_PT,21
27,1,IRI_PD,21
27,1,IRI_total,90
27,1,EQ_total,60
27,1,EQ_cog,24
27,1,EQ_aff,20
27,1,EQ_soc,14
27,1,PET_total,4.142857142857143
27,1,EYES_total,30
28,1,SITES,4
28,1,IRI_FS,16
28,1,IRI_EC,17
28,1,IRI_PT,19
28,1,IRI_PD,8
28,1,IRI_total,60
28,1,EQ_total,38
28,1,EQ_cog,15
28,1,EQ_aff,15
28,1,EQ_soc,6
28,1,PET_total,2
28,1,EYES_total,23
29,1,SITES,4
29,1,IRI_FS,12
29,1,IRI_EC,12
29,1,IRI_PT,12
29,1,IRI_PD,5
29,1,IRI_total,41
29,1,EQ_total,36
29,1,EQ_cog,18
29,1,EQ_aff,10
29,1,EQ_soc,6
29,1,PET_total,2.4285714285714284
29,1,EYES_total,32
30,1,SITES,4
30,1,IRI_FS,10
30,1,IRI_EC,16
30,1,IRI_PT,18
30,1,IRI_PD,7
30,1,IRI_total,51
30,1,EQ_total,47
30,1,EQ_cog,24
30,1,EQ_aff,11
30,1,EQ_soc,8
30,1,PET_total,4
30,1,EYES_total,29
31,1,SITES,4
31,1,IRI_FS,16
31,1,IRI_EC,21
31,1,IRI_PT,14
31,1,IRI_PD,16
31,1,IRI_total,67
31,1,EQ_total,43
31,1,EQ_cog,14
31,1,EQ_aff,15
31,1,EQ_soc,10
31,1,PET_total,4.285714285714286
31,1,EYES_total,21
32,1,SITES,3
32,1,IRI_FS,9
32,1,IRI_EC,11
32,1,IRI_PT,13
32,1,IRI_PD,4
32,1,IRI_total,37
32,1,EQ_total,31
32,1,EQ_cog,12
32,1,EQ_aff,8
32,1,EQ_soc,6
32,1,PET_total,1.2857142857142858
32,1,EYES_total,23
33,1,SITES,2
33,1,IRI_FS,14
33,1,IRI_EC,15
33,1,IRI_PT,14
33,1,IRI_PD,10
33,1,IRI_total,53
33,1,EQ_total,31
33,1,EQ_cog,12
33,1,EQ_aff,9
33,1,EQ_soc,2
33,1,PET_total,2.142857142857143
33,1,EYES_total,21
34,1,SITES,4
34,1,IRI_FS,15
34,1,IRI_EC,15
34,1,IRI_PT,16
34,1,IRI_PD,8
34,1,IRI_total,54
34,1,EQ_total,32
34,1,EQ_cog,14
34,1,EQ_aff,10
34,1,EQ_soc,9
34,1,PET_total,2.4285714285714284
34,1,EYES_total,30
35,1,SITES,4
35,1,IRI_FS,14
35,1,IRI_EC,20
35,1,IRI_PT,20
35,1,IRI_PD,9
35,1,IRI_total,63
35,1,EQ_total,39
35,1,EQ_cog,15
35,1,EQ_aff,10
35,1,EQ_soc,9
35,1,PET_total,3
35,1,EYES_total,26
36,1,SITES,4
36,1,IRI_FS,27
36,1,IRI_EC,16
36,1,IRI_PT,13
36,1,IRI_PD,15
36,1,IRI_total,71
36,1,EQ_total,44
36,1,EQ_cog,19
36,1,EQ_aff,17
36,1,EQ_soc,7
36,1,PET_total,3.857142857142857
36,1,EYES_total,29
37,1,SITES,4
37,1,IRI_FS,22
37,1,IRI_EC,15
37,1,IRI_PT,25
37,1,IRI_PD,11
37,1,IRI_total,73
37,1,EQ_total,44
37,1,EQ_cog,15
37,1,EQ_aff,16
37,1,EQ_soc,9
37,1,PET_total,3.857142857142857
37,1,EYES_total,25
38,1,SITES,4
38,1,IRI_FS,20
38,1,IRI_EC,24
38,1,IRI_PT,26
38,1,IRI_PD,12
38,1,IRI_total,82
38,1,EQ_total,50
38,1,EQ_cog,17
38,1,EQ_aff,17
38,1,EQ_soc,11
38,1,PET_total,4.857142857142857
38,1,EYES_total,23
39,1,SITES,4
39,1,IRI_FS,15
39,1,IRI_EC,22
39,1,IRI_PT,23
39,1,IRI_PD,12
39,1,IRI_total,72
39,1,EQ_total,43
39,1,EQ_cog,15
39,1,EQ_aff,16
39,1,EQ_soc,6
39,1,PET_total,4.571428571428571
39,1,EYES_total,27
40,1,SITES,4
40,1,IRI_FS,18
40,1,IRI_EC,21
40,1,IRI_PT,17
40,1,IRI_PD,16
40,1,IRI_total,72
40,1,EQ_total,37
40,1,EQ_cog,12
40,1,EQ_aff,15
40,1,EQ_soc,6
40,1,PET_total,4.714285714285714
40,1,EYES_total,28
41,1,SITES,5
41,1,IRI_FS,16
41,1,IRI_EC,19
41,1,IRI_PT,19
41,1,IRI_PD,12
41,1,IRI_total,66
41,1,EQ_total,46
41,1,EQ_cog,20
41,1,EQ_aff,14
41,1,EQ_soc,11
41,1,PET_total,4.285714285714286
41,1,EYES_total,26
42,1,SITES,5
42,1,IRI_FS,24
42,1,IRI_EC,28
42,1,IRI_PT,28
42,1,IRI_PD,18
42,1,IRI_total,98
42,1,EQ_total,61
42,1,EQ_cog,21
42,1,EQ_aff,20
42,1,EQ_soc,11
42,1,PET_total,4.857142857142857
42,1,EYES_total,23
43,1,SITES,4
43,1,IRI_FS,20
43,1,IRI_EC,21
43,1,IRI_PT,17
43,1,IRI_PD,13
43,1,IRI_total,71
43,1,EQ_total,44
43,1,EQ_cog,17
43,1,EQ_aff,14
43,1,EQ_soc,10
43,1,PET_total,3.2857142857142856
43,1,EYES_total,25
44,1,SITES,2
44,1,IRI_FS,7
44,1,IRI_EC,11
44,1,IRI_PT,8
44,1,IRI_PD,1
44,1,IRI_total,27
44,1,EQ_total,12
44,1,EQ_cog,1
44,1,EQ_aff,5
44,1,EQ_soc,6
44,1,PET_total,1.2857142857142858
44,1,EYES_total,22
45,1,SITES,3
45,1,IRI_FS,14
45,1,IRI_EC,14
45,1,IRI_PT,17
45,1,IRI_PD,5
45,1,IRI_total,50
45,1,EQ_total,28
45,1,EQ_cog,17
45,1,EQ_aff,5
45,1,EQ_soc,3
45,1,PET_total,3.142857142857143
45,1,EYES_total,28
46,1,SITES,3
46,1,IRI_FS,17
46,1,IRI_EC,19
46,1,IRI_PT,15
46,1,IRI_PD,25
46,1,IRI_total,76
46,1,EQ_total,31
46,1,EQ_cog,7
46,1,EQ_aff,13
46,1,EQ_soc,8
46,1,PET_total,3.5714285714285716
46,1,EYES_total,33
47,1,SITES,1
47,1,IRI_FS,1
47,1,IRI_EC,3
47,1,IRI_PT,1
47,1,IRI_PD,11
47,1,IRI_total,16
47,1,EQ_total,13
47,1,EQ_cog,4
47,1,EQ_aff,2
47,1,EQ_soc,7
47,1,PET_total,1.4285714285714286
47,1,EYES_total,31
48,1,SITES,5
48,1,IRI_FS,28
48,1,IRI_EC,28
48,1,IRI_PT,22
48,1,IRI_PD,16
48,1,IRI_total,94
48,1,EQ_total,54
48,1,EQ_cog,26
48,1,EQ_aff,18
48,1,EQ_soc,8
48,1,PET_total,5
48,1,EYES_total,18
49,1,SITES,5
49,1,IRI_FS,15
49,1,IRI_EC,26
49,1,IRI_PT,18
49,1,IRI_PD,16
49,1,IRI_total,75
49,1,EQ_total,38
49,1,EQ_cog,14
49,1,EQ_aff,12
49,1,EQ_soc,8
49,1,PET_total,2.5714285714285716
49,1,EYES_total,25
50,1,SITES,4
50,1,IRI_FS,10
50,1,IRI_EC,13
50,1,IRI_PT,14
50,1,IRI_PD,22
50,1,IRI_total,59
50,1,EQ_total,47
50,1,EQ_cog,13
50,1,EQ_aff,14
50,1,EQ_soc,16
50,1,PET_total,3.2857142857142856
50,1,EYES_total,30
51,1,SITES,4
51,1,IRI_FS,20
51,1,IRI_EC,23
51,1,IRI_PT,19
51,1,IRI_PD,17
51,1,IRI_total,79
51,1,EQ_total,49
51,1,EQ_cog,14
51,1,EQ_aff,15
51,1,EQ_soc,12
51,1,PET_total,3.7142857142857144
51,1,EYES_total,25
52,1,SITES,4
52,1,IRI_FS,22
52,1,IRI_EC,20
52,1,IRI_PT,18
52,1,IRI_PD,14
52,1,IRI_total,74
52,1,EQ_total,44
52,1,EQ_cog,16
52,1,EQ_aff,15
52,1,EQ_soc,6
52,1,PET_total,3.857142857142857
52,1,EYES_total,26
53,1,SITES,2
53,1,IRI_FS,12
53,1,IRI_EC,9
53,1,IRI_PT,13
53,1,IRI_PD,17
53,1,IRI_total,51
53,1,EQ_total,24
53,1,EQ_cog,4
53,1,EQ_aff,11
53,1,EQ_soc,6
53,1,PET_total,1.2857142857142858
53,1,EYES_total,16
54,1,SITES,4
54,1,IRI_FS,22
54,1,IRI_EC,22
54,1,IRI_PT,21
54,1,IRI_PD,15
54,1,IRI_total,80
54,1,EQ_total,51
54,1,EQ_cog,18
54,1,EQ_aff,19
54,1,EQ_soc,13
54,1,PET_total,3.7142857142857144
54,1,EYES_total,29
55,1,SITES,4
55,1,IRI_FS,19
55,1,IRI_EC,19
55,1,IRI_PT,12
55,1,IRI_PD,23
55,1,IRI_total,73
55,1,EQ_total,58
55,1,EQ_cog,19
55,1,EQ_aff,18
55,1,EQ_soc,12
55,1,PET_total,4.571428571428571
55,1,EYES_total,33
56,1,SITES,4
56,1,IRI_FS,20
56,1,IRI_EC,22
56,1,IRI_PT,18
56,1,IRI_PD,19
56,1,IRI_total,79
56,1,EQ_total,48
56,1,EQ_cog,19
56,1,EQ_aff,17
56,1,EQ_soc,8
56,1,PET_total,4.857142857142857
56,1,EYES_total,27
57,1,SITES,3
57,1,IRI_FS,9
57,1,IRI_EC,19
57,1,IRI_PT,22
57,1,IRI_PD,19
57,1,IRI_total,69
57,1,EQ_total,45
57,1,EQ_cog,14
57,1,EQ_aff,11
57,1,EQ_soc,9
57,1,PET_total,2.5714285714285716
57,1,EYES_total,28
58,1,SITES,4
58,1,IRI_FS,20
58,1,IRI_EC,23
58,1,IRI_PT,16
58,1,IRI_PD,16
58,1,IRI_total,75
58,1,EQ_total,26
58,1,EQ_cog,3
58,1,EQ_aff,12
58,1,EQ_soc,10
58,1,PET_total,3.857142857142857
58,1,EYES_total,14
59,1,SITES,3
59,1,IRI_FS,17
59,1,IRI_EC,18
59,1,IRI_PT,13
59,1,IRI_PD,11
59,1,IRI_total,59
59,1,EQ_total,25
59,1,EQ_cog,15
59,1,EQ_aff,4
59,1,EQ_soc,4
59,1,PET_total,1.4285714285714286
59,1,EYES_total,15
60,1,SITES,5
60,1,IRI_FS,17
60,1,IRI_EC,22
60,1,IRI_PT,19
60,1,IRI_PD,10
60,1,IRI_total,68
60,1,EQ_total,47
60,1,EQ_cog,22
60,1,EQ_aff,15
60,1,EQ_soc,8
60,1,PET_total,4.285714285714286
60,1,EYES_total,28
61,1,SITES,5
61,1,IRI_FS,14
61,1,IRI_EC,23
61,1,IRI_PT,17
61,1,IRI_PD,14
61,1,IRI_total,68
61,1,EQ_total,37
61,1,EQ_cog,12
61,1,EQ_aff,13
61,1,EQ_soc,7
61,1,PET_total,4
61,1,EYES_total,25
62,1,SITES,5
62,1,IRI_FS,23
62,1,IRI_EC,28
62,1,IRI_PT,22
62,1,IRI_PD,8
62,1,IRI_total,81
62,1,EQ_total,56
62,1,EQ_cog,23
62,1,EQ_aff,18
62,1,EQ_soc,13
62,1,PET_total,4.714285714285714
62,1,EYES_total,28
63,1,SITES,3
63,1,IRI_FS,12
63,1,IRI_EC,12
63,1,IRI_PT,13
63,1,IRI_PD,15
63,1,IRI_total,52
63,1,EQ_total,18
63,1,EQ_cog,5
63,1,EQ_aff,8
63,1,EQ_soc,7
63,1,PET_total,1.8571428571428572
63,1,EYES_total,30
64,1,SITES,4
64,1,IRI_FS,24
64,1,IRI_EC,18
64,1,IRI_PT,14
64,1,IRI_PD,16
64,1,IRI_total,72
64,1,EQ_total,34
64,1,EQ_cog,14
64,1,EQ_aff,11
64,1,EQ_soc,7
64,1,PET_total,3.7142857142857144
64,1,EYES_total,30
65,1,SITES,3
65,1,IRI_FS,9
65,1,IRI_EC,15
65,1,IRI_PT,15
65,1,IRI_PD,17
65,1,IRI_total,56
65,1,EQ_total,29
65,1,EQ_cog,8
65,1,EQ_aff,9
65,1,EQ_soc,6
65,1,PET_total,3.2857142857142856
65,1,EYES_total,29
66,1,SITES,4
66,1,IRI_FS,17
66,1,IRI_EC,22
66,1,IRI_PT,20
66,1,IRI_PD,14
66,1,IRI_total,73
66,1,EQ_total,49
66,1,EQ_cog,21
66,1,EQ_aff,17
66,1,EQ_soc,6
66,1,PET_total,3.857142857142857
66,1,EYES_total,26
67,1,SITES,5
67,1,IRI_FS,11
67,1,IRI_EC,28
67,1,IRI_PT,28
67,1,IRI_PD,23
67,1,IRI_total,90
67,1,EQ_total,67
67,1,EQ_cog,25
67,1,EQ_aff,20
67,1,EQ_soc,10
67,1,PET_total,4.714285714285714
67,1,EYES_total,28
68,1,SITES,4
68,1,IRI_FS,6
68,1,IRI_EC,19
68,1,IRI_PT,21
68,1,IRI_PD,4
68,1,IRI_total,50
68,1,EQ_total,42
68,1,EQ_cog,25
68,1,EQ_aff,9
68,1,EQ_soc,9
68,1,PET_total,1
68,1,EYES_total,22
69,1,SITES,5
69,1,IRI_FS,22
69,1,IRI_EC,20
69,1,IRI_PT,22
69,1,IRI_PD,14
69,1,IRI_total,78
69,1,EQ_total,44
69,1,EQ_cog,20
69,1,EQ_aff,15
69,1,EQ_soc,11
69,1,PET_total,4.714285714285714
69,1,EYES_total,22
70,1,SITES,5
70,1,IRI_FS,8
70,1,IRI_EC,21
70,1,IRI_PT,14
70,1,IRI_PD,20
70,1,IRI_total,63
70,1,EQ_total,59
70,1,EQ_cog,22
70,1,EQ_aff,20
70,1,EQ_soc,11
70,1,PET_total,3.4285714285714284
70,1,EYES_total,32
71,1,SITES,4
71,1,IRI_FS,14
71,1,IRI_EC,27
71,1,IRI_PT,25
71,1,IRI_PD,10
71,1,IRI_total,76
71,1,EQ_total,43
71,1,EQ_cog,15
71,1,EQ_aff,14
71,1,EQ_soc,14
71,1,PET_total,4.571428571428571
71,1,EYES_total,31
72,1,SITES,5
72,1,IRI_FS,15
72,1,IRI_EC,17
72,1,IRI_PT,12
72,1,IRI_PD,10
72,1,IRI_total,54
72,1,EQ_total,39
72,1,EQ_cog,19
72,1,EQ_aff,11
72,1,EQ_soc,7
72,1,PET_total,2.4285714285714284
72,1,EYES_total,28
73,1,SITES,4
73,1,IRI_FS,14
73,1,IRI_EC,20
73,1,IRI_PT,19
73,1,IRI_PD,12
73,1,IRI_total,65
73,1,EQ_total,47
73,1,EQ_cog,14
73,1,EQ_aff,17
73,1,EQ_soc,9
73,1,PET_total,4.714285714285714
73,1,EYES_total,25
74,1,SITES,4
74,1,IRI_FS,13
74,1,IRI_EC,19
74,1,IRI_PT,23
74,1,IRI_PD,9
74,1,IRI_total,64
74,1,EQ_total,35
74,1,EQ_cog,8
74,1,EQ_aff,13
74,1,EQ_soc,11
74,1,PET_total,2.7142857142857144
74,1,EYES_total,32
75,1,SITES,5
75,1,IRI_FS,24
75,1,IRI_EC,24
75,1,IRI_PT,17
75,1,IRI_PD,16
75,1,IRI_total,81
75,1,EQ_total,43
75,1,EQ_cog,12
75,1,EQ_aff,19
75,1,EQ_soc,7
75,1,PET_total,3.4285714285714284
75,1,EYES_total,24
76,1,SITES,5
76,1,IRI_FS,23
76,1,IRI_EC,25
76,1,IRI_PT,22
76,1,IRI_PD,21
76,1,IRI_total,91
76,1,EQ_total,63
76,1,EQ_cog,24
76,1,EQ_aff,21
76,1,EQ_soc,7
76,1,PET_total,4.857142857142857
76,1,EYES_total,27
77,1,SITES,5
77,1,IRI_FS,11
77,1,IRI_EC,27
77,1,IRI_PT,24
77,1,IRI_PD,5
77,1,IRI_total,67
77,1,EQ_total,72
77,1,EQ_cog,28
77,1,EQ_aff,21
77,1,EQ_soc,11
77,1,PET_total,4.857142857142857
77,1,EYES_total,26
78,1,SITES,4
78,1,IRI_FS,16
78,1,IRI_EC,17
78,1,IRI_PT,24
78,1,IRI_PD,4
78,1,IRI_total,61
78,1,EQ_total,42
78,1,EQ_cog,22
78,1,EQ_aff,11
78,1,EQ_soc,5
78,1,PET_total,1.8571428571428572
78,1,EYES_total,30
79,1,SITES,5
79,1,IRI_FS,18
79,1,IRI_EC,21
79,1,IRI_PT,24
79,1,IRI_PD,9
79,1,IRI_total,72
79,1,EQ_total,43
79,1,EQ_cog,16
79,1,EQ_aff,13
79,1,EQ_soc,11
79,1,PET_total,3.142857142857143
79,1,EYES_total,29
80,1,SITES,4
80,1,IRI_FS,16
80,1,IRI_EC,19
80,1,IRI_PT,13
80,1,IRI_PD,11
80,1,IRI_total,59
80,1,EQ_total,38
80,1,EQ_cog,12
80,1,EQ_aff,14
80,1,EQ_soc,10
80,1,PET_total,2.857142857142857
80,1,EYES_total,26
81,1,SITES,5
81,1,IRI_FS,20
81,1,IRI_EC,20
81,1,IRI_PT,21
81,1,IRI_PD,7
81,1,IRI_total,68
81,1,EQ_total,60
81,1,EQ_cog,27
81,1,EQ_aff,17
81,1,EQ_soc,8
81,1,PET_total,2.7142857142857144
81,1,EYES_total,26
82,1,SITES,2
82,1,IRI_FS,27
82,1,IRI_EC,24
82,1,IRI_PT,18
82,1,IRI_PD,11
82,1,IRI_total,80
82,1,EQ_total,34
82,1,EQ_cog,13
82,1,EQ_aff,12
82,1,EQ_soc,5
82,1,PET_total,4.857142857142857
82,1,EYES_total,23
83,1,SITES,5
83,1,IRI_FS,22
83,1,IRI_EC,27
83,1,IRI_PT,21
83,1,IRI_PD,2
83,1,IRI_total,72
83,1,EQ_total,57
83,1,EQ_cog,24
83,1,EQ_aff,18
83,1,EQ_soc,12
83,1,PET_total,4.142857142857143
83,1,EYES_total,25
84,1,SITES,4
84,1,IRI_FS,15
84,1,IRI_EC,18
84,1,IRI_PT,18
84,1,IRI_PD,19
84,1,IRI_total,70
84,1,EQ_total,46
84,1,EQ_cog,14
84,1,EQ_aff,16
84,1,EQ_soc,12
84,1,PET_total,3.7142857142857144
84,1,EYES_total,35
85,1,SITES,3
85,1,IRI_FS,16
85,1,IRI_EC,16
85,1,IRI_PT,16
85,1,IRI_PD,18
85,1,IRI_total,66
85,1,EQ_total,24
85,1,EQ_cog,7
85,1,EQ_aff,8
85,1,EQ_soc,7
85,1,PET_total,5
85,1,EYES_total,23
86,1,SITES,5
86,1,IRI_FS,19
86,1,IRI_EC,21
86,1,IRI_PT,21
86,1,IRI_PD,10
86,1,IRI_total,71
86,1,EQ_total,40
86,1,EQ_cog,15
86,1,EQ_aff,11
86,1,EQ_soc,7
86,1,PET_total,4.571428571428571
86,1,EYES_total,31
87,1,SITES,5
87,1,IRI_FS,18
87,1,IRI_EC,26
87,1,IRI_PT,21
87,1,IRI_PD,2
87,1,IRI_total,67
87,1,EQ_total,45
87,1,EQ_cog,17
87,1,EQ_aff,19
87,1,EQ_soc,5
87,1,PET_total,4
87,1,EYES_total,35
88,1,SITES,5
88,1,IRI_FS,20
88,1,IRI_EC,27
88,1,IRI_PT,16
88,1,IRI_PD,20
88,1,IRI_total,83
88,1,EQ_total,55
88,1,EQ_cog,17
88,1,EQ_aff,20
88,1,EQ_soc,11
88,1,PET_total,3.4285714285714284
88,1,EYES_total,24
89,1,SITES,5
89,1,IRI_FS,20
89,1,IRI_EC,21
89,1,IRI_PT,20
89,1,IRI_PD,16
89,1,IRI_total,77
89,1,EQ_total,54
89,1,EQ_cog,24
89,1,EQ_aff,16
89,1,EQ_soc,7
89,1,PET_total,4
89,1,EYES_total,21
90,1,SITES,5
90,1,IRI_FS,20
90,1,IRI_EC,22
90,1,IRI_PT,16
90,1,IRI_PD,12
90,1,IRI_total,70
90,1,EQ_total,31
90,1,EQ_cog,17
90,1,EQ_aff,11
90,1,EQ_soc,6
90,1,PET_total,4.142857142857143
90,1,EYES_total,24
91,1,SITES,5
91,1,IRI_FS,25
91,1,IRI_EC,26
91,1,IRI_PT,25
91,1,IRI_PD,11
91,1,IRI_total,87
91,1,EQ_total,56
91,1,EQ_cog,22
91,1,EQ_aff,22
91,1,EQ_soc,14
91,1,PET_total,4.857142857142857
91,1,EYES_total,27
93,1,SITES,5
93,1,IRI_FS,18
93,1,IRI_EC,22
93,1,IRI_PT,21
93,1,IRI_PD,9
93,1,IRI_total,70
93,1,EQ_total,53
93,1,EQ_cog,20
93,1,EQ_aff,19
93,1,EQ_soc,10
93,1,PET_total,2.5714285714285716
93,1,EYES_total,30
94,1,SITES,5
94,1,IRI_FS,25
94,1,IRI_EC,22
94,1,IRI_PT,21
94,1,IRI_PD,4
94,1,IRI_total,72
94,1,EQ_total,48
94,1,EQ_cog,14
94,1,EQ_aff,17
94,1,EQ_soc,10
94,1,PET_total,4
94,1,EYES_total,27
95,1,SITES,4
95,1,IRI_FS,18
95,1,IRI_EC,15
95,1,IRI_PT,21
95,1,IRI_PD,10
95,1,IRI_total,64
95,1,EQ_total,51
95,1,EQ_cog,22
95,1,EQ_aff,15
95,1,EQ_soc,9
95,1,PET_total,3.142857142857143
95,1,EYES_total,29
96,1,SITES,4
96,1,IRI_FS,19
96,1,IRI_EC,17
96,1,IRI_PT,15
96,1,IRI_PD,15
96,1,IRI_total,66
96,1,EQ_total,33
96,1,EQ_cog,9
96,1,EQ_aff,12
96,1,EQ_soc,10
96,1,PET_total,4.285714285714286
96,1,EYES_total,29
97,1,SITES,5
97,1,IRI_FS,19
97,1,IRI_EC,17
97,1,IRI_PT,20
97,1,IRI_PD,13
97,1,IRI_total,69
97,1,EQ_total,39
97,1,EQ_cog,23
97,1,EQ_aff,12
97,1,EQ_soc,8
97,1,PET_total,4
97,1,EYES_total,25
98,1,SITES,4
98,1,IRI_FS,21
98,1,IRI_EC,23
98,1,IRI_PT,15
98,1,IRI_PD,10
98,1,IRI_total,69
98,1,EQ_total,48
98,1,EQ_cog,15
98,1,EQ_aff,16
98,1,EQ_soc,7
98,1,PET_total,4.571428571428571
98,1,EYES_total,24
99,1,SITES,5
99,1,IRI_FS,28
99,1,IRI_EC,25
99,1,IRI_PT,23
99,1,IRI_PD,23
99,1,IRI_total,99
99,1,EQ_total,36
99,1,EQ_cog,11
99,1,EQ_aff,19
99,1,EQ_soc,6
99,1,PET_total,4.571428571428571
99,1,EYES_total,26
100,1,SITES,4
100,1,IRI_FS,14
100,1,IRI_EC,22
100,1,IRI_PT,17
100,1,IRI_PD,15
100,1,IRI_total,68
100,1,EQ_total,48
100,1,EQ_cog,17
100,1,EQ_aff,14
100,1,EQ_soc,11
100,1,PET_total,4.142857142857143
100,1,EYES_total,28
101,1,SITES,4
101,1,IRI_FS,15
101,1,IRI_EC,22
101,1,IRI_PT,14
101,1,IRI_PD,18
101,1,IRI_total,69
101,1,EQ_total,35
101,1,EQ_cog,18
101,1,EQ_aff,13
101,1,EQ_soc,2
101,1,PET_total,3.857142857142857
101,1,EYES_total,19
102,1,SITES,3
102,1,IRI_FS,17
102,1,IRI_EC,20
102,1,IRI_PT,16
102,1,IRI_PD,12
102,1,IRI_total,65
102,1,EQ_total,32
102,1,EQ_cog,13
102,1,EQ_aff,10
102,1,EQ_soc,1
102,1,PET_total,4.428571428571429
102,1,EYES_total,26
103,1,SITES,5
103,1,IRI_FS,26
103,1,IRI_EC,26
103,1,IRI_PT,21
103,1,IRI_PD,24
103,1,IRI_total,97
103,1,EQ_total,30
103,1,EQ_cog,10
103,1,EQ_aff,7
103,1,EQ_soc,7
103,1,PET_total,4.571428571428571
103,1,EYES_total,26
104,1,SITES,2
104,1,IRI_FS,5
104,1,IRI_EC,4
104,1,IRI_PT,16
104,1,IRI_PD,4
104,1,IRI_total,29
104,1,EQ_total,26
104,1,EQ_cog,12
104,1,EQ_aff,7
104,1,EQ_soc,7
104,1,PET_total,2.5714285714285716
104,1,EYES_total,20
105,1,SITES,3
105,1,IRI_FS,20
105,1,IRI_EC,14
105,1,IRI_PT,19
105,1,IRI_PD,13
105,1,IRI_total,66
105,1,EQ_total,20
105,1,EQ_cog,4
105,1,EQ_aff,11
105,1,EQ_soc,7
105,1,PET_total,3.857142857142857
105,1,EYES_total,28
106,1,SITES,5
106,1,IRI_FS,9
106,1,IRI_EC,27
106,1,IRI_PT,27
106,1,IRI_PD,3
106,1,IRI_total,66
106,1,EQ_total,69
106,1,EQ_cog,28
106,1,EQ_aff,22
106,1,EQ_soc,9
106,1,PET_total,4.857142857142857
106,1,EYES_total,25
107,1,SITES,5
107,1,IRI_FS,12
107,1,IRI_EC,22
107,1,IRI_PT,20
107,1,IRI_PD,6
107,1,IRI_total,60
107,1,EQ_total,39
107,1,EQ_cog,19
107,1,EQ_aff,14
107,1,EQ_soc,7
107,1,PET_total,3.857142857142857
107,1,EYES_total,28
108,1,SITES,4
108,1,IRI_FS,18
108,1,IRI_EC,18
108,1,IRI_PT,19
108,1,IRI_PD,14
108,1,IRI_total,69
108,1,EQ_total,53
108,1,EQ_cog,21
108,1,EQ_aff,15
108,1,EQ_soc,10
108,1,PET_total,4.857142857142857
108,1,EYES_total,28
109,1,SITES,4
109,1,IRI_FS,18
109,1,IRI_EC,20
109,1,IRI_PT,19
109,1,IRI_PD,16
109,1,IRI_total,73
109,1,EQ_total,40
109,1,EQ_cog,16
109,1,EQ_aff,12
109,1,EQ_soc,5
109,1,PET_total,3.857142857142857
109,1,EYES_total,28
110,1,SITES,5
110,1,IRI_FS,2
110,1,IRI_EC,22
110,1,IRI_PT,22
110,1,IRI_PD,15
110,1,IRI_total,61
110,1,EQ_total,29
110,1,EQ_cog,11
110,1,EQ_aff,10
110,1,EQ_soc,8
110,1,PET_total,4.571428571428571
110,1,EYES_total,26
111,1,SITES,4
111,1,IRI_FS,9
111,1,IRI_EC,21
111,1,IRI_PT,21
111,1,IRI_PD,11
111,1,IRI_total,62
111,1,EQ_total,49
111,1,EQ_cog,13
111,1,EQ_aff,18
111,1,EQ_soc,10
111,1,PET_total,3.4285714285714284
111,1,EYES_total,29
112,1,SITES,5
112,1,IRI_FS,8
112,1,IRI_EC,26
112,1,IRI_PT,23
112,1,IRI_PD,10
112,1,IRI_total,67
112,1,EQ_total,51
112,1,EQ_cog,21
112,1,EQ_aff,18
112,1,EQ_soc,6
112,1,PET_total,5
112,1,EYES_total,14
113,1,SITES,5
113,1,IRI_FS,19
113,1,IRI_EC,26
113,1,IRI_PT,19
113,1,IRI_PD,18
113,1,IRI_total,82
113,1,EQ_total,50
113,1,EQ_cog,18
113,1,EQ_aff,18
113,1,EQ_soc,6
113,1,PET_total,4.571428571428571
113,1,EYES_total,20
114,1,SITES,4
114,1,IRI_FS,26
114,1,IRI_EC,18
114,1,IRI_PT,21
114,1,IRI_PD,6
114,1,IRI_total,71
114,1,EQ_total,53
114,1,EQ_cog,18
114,1,EQ_aff,16
114,1,EQ_soc,11
114,1,PET_total,4.142857142857143
114,1,EYES_total,24
115,1,SITES,5
115,1,IRI_FS,19
115,1,IRI_EC,24
115,1,IRI_PT,24
115,1,IRI_PD,22
115,1,IRI_total,89
115,1,EQ_total,51
115,1,EQ_cog,17
115,1,EQ_aff,17
115,1,EQ_soc,11
115,1,PET_total,4.571428571428571
115,1,EYES_total,26
116,1,SITES,5
116,1,IRI_FS,14
116,1,IRI_EC,25
116,1,IRI_PT,19
116,1,IRI_PD,16
116,1,IRI_total,74
116,1,EQ_total,32
116,1,EQ_cog,12
116,1,EQ_aff,13
116,1,EQ_soc,5
116,1,PET_total,4.142857142857143
116,1,EYES_total,26
117,1,SITES,5
117,1,IRI_FS,16
117,1,IRI_EC,20
117,1,IRI_PT,22
117,1,IRI_PD,13
117,1,IRI_total,71
117,1,EQ_total,37
117,1,EQ_cog,10
117,1,EQ_aff,14
117,1,EQ_soc,10
117,1,PET_total,3.142857142857143
117,1,EYES_total,28
118,1,SITES,5
118,1,IRI_FS,28
118,1,IRI_EC,23
118,1,IRI_PT,26
118,1,IRI_PD,18
118,1,IRI_total,95
118,1,EQ_total,49
118,1,EQ_cog,11
118,1,EQ_aff,21
118,1,EQ_soc,8
118,1,PET_total,3.857142857142857
118,1,EYES_total,29
119,1,SITES,4
119,1,IRI_FS,25
119,1,IRI_EC,25
119,1,IRI_PT,24
119,1,IRI_PD,13
119,1,IRI_total,87
119,1,EQ_total,53
119,1,EQ_cog,18
119,1,EQ_aff,21
119,1,EQ_soc,10
119,1,PET_total,4.714285714285714
119,1,EYES_total,28
120,1,SITES,4
120,1,IRI_FS,22
120,1,IRI_EC,20
120,1,IRI_PT,22
120,1,IRI_PD,5
120,1,IRI_total,69
120,1,EQ_total,43
120,1,EQ_cog,17
120,1,EQ_aff,16
120,1,EQ_soc,7
120,1,PET_total,4.857142857142857
120,1,EYES_total,33
121,1,SITES,3
121,1,IRI_FS,15
121,1,IRI_EC,17
121,1,IRI_PT,21
121,1,IRI_PD,7
121,1,IRI_total,60
121,1,EQ_total,32
121,1,EQ_cog,12
121,1,EQ_aff,10
121,1,EQ_soc,6
121,1,PET_total,3.7142857142857144
121,1,EYES_total,30
122,1,SITES,4
122,1,IRI_FS,25
122,1,IRI_EC,27
122,1,IRI_PT,21
122,1,IRI_PD,22
122,1,IRI_total,95
122,1,EQ_total,44
122,1,EQ_cog,16
122,1,EQ_aff,18
122,1,EQ_soc,10
122,1,PET_total,4.285714285714286
122,1,EYES_total,26
123,1,SITES,5
123,1,IRI_FS,18
123,1,IRI_EC,27
123,1,IRI_PT,23
123,1,IRI_PD,14
123,1,IRI_total,82
123,1,EQ_total,48
123,1,EQ_cog,25
123,1,EQ_aff,15
123,1,EQ_soc,10
123,1,PET_total,4.428571428571429
123,1,EYES_total,32
124,1,SITES,4
124,1,IRI_FS,20
124,1,IRI_EC,24
124,1,IRI_PT,16
124,1,IRI_PD,13
124,1,IRI_total,73
124,1,EQ_total,36
124,1,EQ_cog,13
124,1,EQ_aff,13
124,1,EQ_soc,7
124,1,PET_total,3.2857142857142856
124,1,EYES_total,25
125,1,SITES,3
125,1,IRI_FS,4
125,1,IRI_EC,10
125,1,IRI_PT,16
125,1,IRI_PD,9
125,1,IRI_total,39
125,1,EQ_total,21
125,1,EQ_cog,6
125,1,EQ_aff,10
125,1,EQ_soc,3
125,1,PET_total,2.142857142857143
125,1,EYES_total,23
126,1,SITES,4
126,1,IRI_FS,24
126,1,IRI_EC,27
126,1,IRI_PT,21
126,1,IRI_PD,17
126,1,IRI_total,89
126,1,EQ_total,41
126,1,EQ_cog,15
126,1,EQ_aff,18
126,1,EQ_soc,8
126,1,PET_total,4.571428571428571
126,1,EYES_total,26
127,1,SITES,4
127,1,IRI_FS,16
127,1,IRI_EC,15
127,1,IRI_PT,13
127,1,IRI_PD,20
127,1,IRI_total,64
127,1,EQ_total,29
127,1,EQ_cog,13
127,1,EQ_aff,9
127,1,EQ_soc,9
127,1,PET_total,3.7142857142857144
127,1,EYES_total,27
128,1,SITES,3
128,1,IRI_FS,14
128,1,IRI_EC,12
128,1,IRI_PT,13
128,1,IRI_PD,12
128,1,IRI_total,51
128,1,EQ_total,18
128,1,EQ_cog,7
128,1,EQ_aff,5
128,1,EQ_soc,5
128,1,PET_total,2.7142857142857144
128,1,EYES_total,14
129,1,SITES,5
129,1,IRI_FS,4
129,1,IRI_EC,28
129,1,IRI_PT,24
129,1,IRI_PD,11
129,1,IRI_total,67
129,1,EQ_total,59
129,1,EQ_cog,27
129,1,EQ_aff,14
129,1,EQ_soc,8
129,1,PET_total,2.857142857142857
129,1,EYES_total,20
130,1,SITES,5
130,1,IRI_FS,28
130,1,IRI_EC,28
130,1,IRI_PT,23
130,1,IRI_PD,22
130,1,IRI_total,101
130,1,EQ_total,65
130,1,EQ_cog,25
130,1,EQ_aff,22
130,1,EQ_soc,12
130,1,PET_total,4.857142857142857
130,1,EYES_total,33
131,1,SITES,5
131,1,IRI_FS,12
131,1,IRI_EC,14
131,1,IRI_PT,16
131,1,IRI_PD,20
131,1,IRI_total,62
131,1,EQ_total,21
131,1,EQ_cog,10
131,1,EQ_aff,7
131,1,EQ_soc,3
131,1,PET_total,3.5714285714285716
131,1,EYES_total,9
132,1,SITES,5
132,1,IRI_FS,24
132,1,IRI_EC,28
132,1,IRI_PT,28
132,1,IRI_PD,14
132,1,IRI_total,94
132,1,EQ_total,64
132,1,EQ_cog,22
132,1,EQ_aff,22
132,1,EQ_soc,11
132,1,PET_total,4.857142857142857
132,1,EYES_total,33
133,1,SITES,5
133,1,IRI_FS,22
133,1,IRI_EC,26
133,1,IRI_PT,20
133,1,IRI_PD,18
133,1,IRI_total,86
133,1,EQ_total,30
133,1,EQ_cog,14
133,1,EQ_aff,9
133,1,EQ_soc,2
133,1,PET_total,4.714285714285714
133,1,EYES_total,23
134,1,SITES,4
134,1,IRI_FS,21
134,1,IRI_EC,19
134,1,IRI_PT,19
134,1,IRI_PD,11
134,1,IRI_total,70
134,1,EQ_total,27
134,1,EQ_cog,11
134,1,EQ_aff,11
134,1,EQ_soc,6
134,1,PET_total,3.2857142857142856
134,1,EYES_total,28
135,1,SITES,4
135,1,IRI_FS,13
135,1,IRI_EC,15
135,1,IRI_PT,16
135,1,IRI_PD,15
135,1,IRI_total,59
135,1,EQ_total,46
135,1,EQ_cog,20
135,1,EQ_aff,16
135,1,EQ_soc,9
135,1,PET_total,2.2857142857142856
135,1,EYES_total,31
136,1,SITES,4
136,1,IRI_FS,14
136,1,IRI_EC,17
136,1,IRI_PT,17
136,1,IRI_PD,13
136,1,IRI_total,61
136,1,EQ_total,52
136,1,EQ_cog,25
136,1,EQ_aff,12
136,1,EQ_soc,9
136,1,PET_total,3.7142857142857144
136,1,EYES_total,27
137,1,SITES,4
137,1,IRI_FS,13
137,1,IRI_EC,21
137,1,IRI_PT,21
137,1,IRI_PD,7
137,1,IRI_total,62
137,1,EQ_total,42
137,1,EQ_cog,19
137,1,EQ_aff,10
137,1,EQ_soc,6
137,1,PET_total,2.7142857142857144
137,1,EYES_total,25
138,1,SITES,4
138,1,IRI_FS,16
138,1,IRI_EC,19
138,1,IRI_PT,18
138,1,IRI_PD,15
138,1,IRI_total,68
138,1,EQ_total,32
138,1,EQ_cog,16
138,1,EQ_aff,11
138,1,EQ_soc,5
138,1,PET_total,2.857142857142857
138,1,EYES_total,27
139,1,SITES,4
139,1,IRI_FS,20
139,1,IRI_EC,24
139,1,IRI_PT,17
139,1,IRI_PD,17
139,1,IRI_total,78
139,1,EQ_total,42
139,1,EQ_cog,16
139,1,EQ_aff,15
139,1,EQ_soc,6
139,1,PET_total,4.714285714285714
139,1,EYES_total,28
57,2,SITES,4
57,2,IRI_FS,10
57,2,IRI_EC,11
57,2,IRI_PT,22
57,2,IRI_PD,18
57,2,IRI_total,61
57,2,EQ_total,48
57,2,EQ_cog,20
57,2,EQ_aff,12
57,2,EQ_soc,6
57,2,PET_total,3.2857142857142856
57,2,EYES_total,29
46,2,SITES,4
46,2,IRI_FS,18
46,2,IRI_EC,18
46,2,IRI_PT,16
46,2,IRI_PD,27
46,2,IRI_total,79
46,2,EQ_total,31
46,2,EQ_cog,7
46,2,EQ_aff,13
46,2,EQ_soc,9
46,2,PET_total,3.2857142857142856
46,2,EYES_total,32
42,2,SITES,5
42,2,IRI_FS,24
42,2,IRI_EC,28
42,2,IRI_PT,28
42,2,IRI_PD,17
42,2,IRI_total,97
42,2,EQ_total,54
42,2,EQ_cog,18
42,2,EQ_aff,20
42,2,EQ_soc,10
42,2,PET_total,4.857142857142857
42,2,EYES_total,30
66,2,SITES,4
66,2,IRI_FS,20
66,2,IRI_EC,22
66,2,IRI_PT,19
66,2,IRI_PD,13
66,2,IRI_total,74
66,2,EQ_total,54
66,2,EQ_cog,23
66,2,EQ_aff,17
66,2,EQ_soc,6
66,2,PET_total,4
66,2,EYES_total,25
120,2,SITES,4
120,2,IRI_FS,22
120,2,IRI_EC,17
120,2,IRI_PT,20
120,2,IRI_PD,9
120,2,IRI_total,68
120,2,EQ_total,41
120,2,EQ_cog,10
120,2,EQ_aff,18
120,2,EQ_soc,8
120,2,PET_total,5
120,2,EYES_total,30
69,2,SITES,5
69,2,IRI_FS,16
69,2,IRI_EC,21
69,2,IRI_PT,23
69,2,IRI_PD,13
69,2,IRI_total,73
69,2,EQ_total,28
69,2,EQ_cog,9
69,2,EQ_aff,7
69,2,EQ_soc,6
69,2,PET_total,4.714285714285714
69,2,EYES_total,17
96,2,SITES,4
96,2,IRI_FS,15
96,2,IRI_EC,17
96,2,IRI_PT,15
96,2,IRI_PD,18
96,2,IRI_total,65
96,2,EQ_total,31
96,2,EQ_cog,7
96,2,EQ_aff,11
96,2,EQ_soc,9
96,2,PET_total,4.142857142857143
96,2,EYES_total,32
6,2,SITES,4
6,2,IRI_FS,14
6,2,IRI_EC,17
6,2,IRI_PT,17
6,2,IRI_PD,3
6,2,IRI_total,51
6,2,EQ_total,29
6,2,EQ_cog,11
6,2,EQ_aff,9
6,2,EQ_soc,7
6,2,PET_total,3.5714285714285716
6,2,EYES_total,27
129,2,SITES,5
129,2,IRI_FS,7
129,2,IRI_EC,28
129,2,IRI_PT,26
129,2,IRI_PD,9
129,2,IRI_total,70
129,2,EQ_total,56
129,2,EQ_cog,24
129,2,EQ_aff,17
129,2,EQ_soc,6
129,2,PET_total,3.2857142857142856
129,2,EYES_total,20
88,2,SITES,5
88,2,IRI_FS,20
88,2,IRI_EC,24
88,2,IRI_PT,17
88,2,IRI_PD,19
88,2,IRI_total,80
88,2,EQ_total,49
88,2,EQ_cog,18
88,2,EQ_aff,17
88,2,EQ_soc,11
88,2,PET_total,4.142857142857143
88,2,EYES_total,23
67,2,SITES,5
67,2,IRI_FS,14
67,2,IRI_EC,28
67,2,IRI_PT,28
67,2,IRI_PD,28
67,2,IRI_total,98
67,2,EQ_total,66
67,2,EQ_cog,28
67,2,EQ_aff,22
67,2,EQ_soc,8
67,2,PET_total,4.571428571428571
67,2,EYES_total,28
56,2,SITES,4
56,2,IRI_FS,22
56,2,IRI_EC,26
56,2,IRI_PT,19
56,2,IRI_PD,16
56,2,IRI_total,83
56,2,EQ_total,49
56,2,EQ_cog,18
56,2,EQ_aff,17
56,2,EQ_soc,8
56,2,PET_total,5
56,2,EYES_total,27
123,2,SITES,5
123,2,IRI_FS,15
123,2,IRI_EC,27
123,2,IRI_PT,22
123,2,IRI_PD,13
123,2,IRI_total,77
123,2,EQ_total,46
123,2,EQ_cog,25
123,2,EQ_aff,16
123,2,EQ_soc,9
123,2,PET_total,4.142857142857143
123,2,EYES_total,28
31,2,SITES,5
31,2,IRI_FS,28
31,2,IRI_EC,27
31,2,IRI_PT,26
31,2,IRI_PD,9
31,2,IRI_total,90
31,2,EQ_total,59
31,2,EQ_cog,21
31,2,EQ_aff,22
31,2,EQ_soc,11
31,2,PET_total,4.714285714285714
31,2,EYES_total,33
121,2,SITES,3
121,2,IRI_FS,12
121,2,IRI_EC,14
121,2,IRI_PT,21
121,2,IRI_PD,10
121,2,IRI_total,57
121,2,EQ_total,31
121,2,EQ_cog,14
121,2,EQ_aff,10
121,2,EQ_soc,7
121,2,PET_total,3.7142857142857144
121,2,EYES_total,30
55,2,SITES,4
55,2,IRI_FS,20
55,2,IRI_EC,16
55,2,IRI_PT,19
55,2,IRI_PD,24
55,2,IRI_total,79
55,2,EQ_total,53
55,2,EQ_cog,17
55,2,EQ_aff,18
55,2,EQ_soc,10
55,2,PET_total,4.428571428571429
55,2,EYES_total,32
118,2,SITES,4
118,2,IRI_FS,28
118,2,IRI_EC,28
118,2,IRI_PT,28
118,2,IRI_PD,15
118,2,IRI_total,99
118,2,EQ_total,45
118,2,EQ_cog,10
118,2,EQ_aff,22
118,2,EQ_soc,7
118,2,PET_total,3.857142857142857
118,2,EYES_total,28
91,2,SITES,4
91,2,IRI_FS,26
91,2,IRI_EC,26
91,2,IRI_PT,22
91,2,IRI_PD,7
91,2,IRI_total,81
91,2,EQ_total,66
91,2,EQ_cog,24
91,2,EQ_aff,21
91,2,EQ_soc,15
91,2,PET_total,4.857142857142857
91,2,EYES_total,32
92,2,SITES,4
92,2,IRI_FS,15
92,2,IRI_EC,19
92,2,IRI_PT,20
92,2,IRI_PD,16
92,2,IRI_total,70
92,2,EQ_total,38
92,2,EQ_cog,9
92,2,EQ_aff,14
92,2,EQ_soc,11
92,2,PET_total,4.714285714285714
92,2,EYES_total,34
7,2,SITES,4
7,2,IRI_FS,19
7,2,IRI_EC,21
7,2,IRI_PT,18
7,2,IRI_PD,14
7,2,IRI_total,72
7,2,EQ_total,33
7,2,EQ_cog,8
7,2,EQ_aff,15
7,2,EQ_soc,8
7,2,PET_total,4.857142857142857
7,2,EYES_total,26
73,2,SITES,4
73,2,IRI_FS,14
73,2,IRI_EC,20
73,2,IRI_PT,18
73,2,IRI_PD,14
73,2,IRI_total,66
73,2,EQ_total,47
73,2,EQ_cog,17
73,2,EQ_aff,17
73,2,EQ_soc,10
73,2,PET_total,4.571428571428571
73,2,EYES_total,24
78,2,SITES,3
78,2,IRI_FS,22
78,2,IRI_EC,18
78,2,IRI_PT,27
78,2,IRI_PD,3
78,2,IRI_total,70
78,2,EQ_total,48
78,2,EQ_cog,27
78,2,EQ_aff,12
78,2,EQ_soc,7
78,2,PET_total,2.5714285714285716
78,2,EYES_total,28
103,2,SITES,5
103,2,IRI_FS,22
103,2,IRI_EC,28
103,2,IRI_PT,21
103,2,IRI_PD,17
103,2,IRI_total,88
103,2,EQ_total,44
103,2,EQ_cog,21
103,2,EQ_aff,16
103,2,EQ_soc,5
103,2,PET_total,4.714285714285714
103,2,EYES_total,23
117,2,SITES,4
117,2,IRI_FS,16
117,2,IRI_EC,19
117,2,IRI_PT,21
117,2,IRI_PD,12
117,2,IRI_total,68
117,2,EQ_total,47
117,2,EQ_cog,16
117,2,EQ_aff,15
117,2,EQ_soc,12
117,2,PET_total,3.142857142857143
117,2,EYES_total,23
23,2,SITES,5
23,2,IRI_FS,13
23,2,IRI_EC,24
23,2,IRI_PT,26
23,2,IRI_PD,13
23,2,IRI_total,76
23,2,EQ_total,56
23,2,EQ_cog,22
23,2,EQ_aff,15
23,2,EQ_soc,14
23,2,PET_total,1.7142857142857142
23,2,EYES_total,26
72,2,SITES,5
72,2,IRI_FS,12
72,2,IRI_EC,18
72,2,IRI_PT,14
72,2,IRI_PD,11
72,2,IRI_total,55
72,2,EQ_total,37
72,2,EQ_cog,15
72,2,EQ_aff,10
72,2,EQ_soc,8
72,2,PET_total,2.2857142857142856
72,2,EYES_total,31
43,2,SITES,4
43,2,IRI_FS,22
43,2,IRI_EC,23
43,2,IRI_PT,18
43,2,IRI_PD,16
43,2,IRI_total,79
43,2,EQ_total,39
43,2,EQ_cog,14
43,2,EQ_aff,13
43,2,EQ_soc,10
43,2,PET_total,3.2857142857142856
43,2,EYES_total,23
99,2,SITES,5
99,2,IRI_FS,28
99,2,IRI_EC,22
99,2,IRI_PT,18
99,2,IRI_PD,23
99,2,IRI_total,91
99,2,EQ_total,29
99,2,EQ_cog,9
99,2,EQ_aff,15
99,2,EQ_soc,4
99,2,PET_total,4
99,2,EYES_total,29
116,2,SITES,5
116,2,IRI_FS,13
116,2,IRI_EC,25
116,2,IRI_PT,20
116,2,IRI_PD,16
116,2,IRI_total,74
116,2,EQ_total,41
116,2,EQ_cog,18
116,2,EQ_aff,16
116,2,EQ_soc,4
116,2,PET_total,4.428571428571429
116,2,EYES_total,22
119,2,SITES,5
119,2,IRI_FS,23
119,2,IRI_EC,26
119,2,IRI_PT,25
119,2,IRI_PD,14
119,2,IRI_total,88
119,2,EQ_total,54
119,2,EQ_cog,19
119,2,EQ_aff,17
119,2,EQ_soc,10
119,2,PET_total,4.428571428571429
119,2,EYES_total,26
111,2,SITES,4
111,2,IRI_FS,12
111,2,IRI_EC,20
111,2,IRI_PT,21
111,2,IRI_PD,8
111,2,IRI_total,61
111,2,EQ_total,50
111,2,EQ_cog,15
111,2,EQ_aff,16
111,2,EQ_soc,10
111,2,PET_total,2.7142857142857144
111,2,EYES_total,27
21,2,SITES,4
21,2,IRI_FS,21
21,2,IRI_EC,20
21,2,IRI_PT,20
21,2,IRI_PD,18
21,2,IRI_total,79
21,2,EQ_total,58
21,2,EQ_cog,27
21,2,EQ_aff,17
21,2,EQ_soc,9
21,2,PET_total,4
21,2,EYES_total,28
32,2,SITES,3
32,2,IRI_FS,3
32,2,IRI_EC,8
32,2,IRI_PT,11
32,2,IRI_PD,4
32,2,IRI_total,26
32,2,EQ_total,30
32,2,EQ_cog,12
32,2,EQ_aff,7
32,2,EQ_soc,11
32,2,PET_total,1.4285714285714286
32,2,EYES_total,28
95,2,SITES,4
95,2,IRI_FS,16
95,2,IRI_EC,19
95,2,IRI_PT,24
95,2,IRI_PD,8
95,2,IRI_total,67
95,2,EQ_total,55
95,2,EQ_cog,24
95,2,EQ_aff,16
95,2,EQ_soc,10
95,2,PET_total,3.142857142857143
95,2,EYES_total,29
76,2,SITES,5
76,2,IRI_FS,20
76,2,IRI_EC,24
76,2,IRI_PT,22
76,2,IRI_PD,20
76,2,IRI_total,86
76,2,EQ_total,60
76,2,EQ_cog,21
76,2,EQ_aff,21
76,2,EQ_soc,10
76,2,PET_total,4.714285714285714
76,2,EYES_total,28
58,2,SITES,4
58,2,IRI_FS,19
58,2,IRI_EC,22
58,2,IRI_PT,13
58,2,IRI_PD,15
58,2,IRI_total,69
58,2,EQ_total,22
58,2,EQ_cog,6
58,2,EQ_aff,11
58,2,EQ_soc,9
58,2,PET_total,3.2857142857142856
58,2,EYES_total,7
85,2,SITES,3
85,2,IRI_FS,16
85,2,IRI_EC,16
85,2,IRI_PT,20
85,2,IRI_PD,19
85,2,IRI_total,71
85,2,EQ_total,31
85,2,EQ_cog,12
85,2,EQ_aff,9
85,2,EQ_soc,9
85,2,PET_total,4.857142857142857
85,2,EYES_total,20
102,2,SITES,3
102,2,IRI_FS,17
102,2,IRI_EC,22
102,2,IRI_PT,13
102,2,IRI_PD,10
102,2,IRI_total,62
102,2,EQ_total,40
102,2,EQ_cog,13
102,2,EQ_aff,12
102,2,EQ_soc,5
102,2,PET_total,4.571428571428571
102,2,EYES_total,28
48,2,SITES,5
48,2,IRI_FS,28
48,2,IRI_EC,28
48,2,IRI_PT,23
48,2,IRI_PD,15
48,2,IRI_total,94
48,2,EQ_total,56
48,2,EQ_cog,28
48,2,EQ_aff,16
48,2,EQ_soc,10
48,2,PET_total,4.714285714285714
48,2,EYES_total,24
137,2,SITES,4
137,2,IRI_FS,18
137,2,IRI_EC,23
137,2,IRI_PT,21
137,2,IRI_PD,1
137,2,IRI_total,63
137,2,EQ_total,52
137,2,EQ_cog,23
137,2,EQ_aff,16
137,2,EQ_soc,5
137,2,PET_total,2.7142857142857144
137,2,EYES_total,30
79,2,SITES,5
79,2,IRI_FS,17
79,2,IRI_EC,21
79,2,IRI_PT,28
79,2,IRI_PD,11
79,2,IRI_total,77
79,2,EQ_total,54
79,2,EQ_cog,20
79,2,EQ_aff,17
79,2,EQ_soc,10
79,2,PET_total,2.7142857142857144
79,2,EYES_total,28
98,2,SITES,4
98,2,IRI_FS,20
98,2,IRI_EC,21
98,2,IRI_PT,18
98,2,IRI_PD,13
98,2,IRI_total,72
98,2,EQ_total,51
98,2,EQ_cog,14
98,2,EQ_aff,19
98,2,EQ_soc,8
98,2,PET_total,4.571428571428571
98,2,EYES_total,28
133,2,SITES,5
133,2,IRI_FS,18
133,2,IRI_EC,22
133,2,IRI_PT,17
133,2,IRI_PD,15
133,2,IRI_total,72
133,2,EQ_total,34
133,2,EQ_cog,14
133,2,EQ_aff,10
133,2,EQ_soc,6
133,2,PET_total,4.857142857142857
133,2,EYES_total,25
75,2,SITES,5
75,2,IRI_FS,23
75,2,IRI_EC,25
75,2,IRI_PT,20
75,2,IRI_PD,14
75,2,IRI_total,82
75,2,EQ_total,52
75,2,EQ_cog,16
75,2,EQ_aff,21
75,2,EQ_soc,11
75,2,PET_total,4.285714285714286
75,2,EYES_total,26
36,2,SITES,4
36,2,IRI_FS,26
36,2,IRI_EC,16
36,2,IRI_PT,14
36,2,IRI_PD,16
36,2,IRI_total,72
36,2,EQ_total,51
36,2,EQ_cog,25
36,2,EQ_aff,16
36,2,EQ_soc,9
36,2,PET_total,3.5714285714285716
36,2,EYES_total,33
64,2,SITES,3
64,2,IRI_FS,22
64,2,IRI_EC,18
64,2,IRI_PT,13
64,2,IRI_PD,14
64,2,IRI_total,67
64,2,EQ_total,24
64,2,EQ_cog,8
64,2,EQ_aff,10
64,2,EQ_soc,5
64,2,PET_total,3.7142857142857144
64,2,EYES_total,34
107,2,SITES,5
107,2,IRI_FS,9
107,2,IRI_EC,21
107,2,IRI_PT,19
107,2,IRI_PD,7
107,2,IRI_total,56
107,2,EQ_total,42
107,2,EQ_cog,21
107,2,EQ_aff,11
107,2,EQ_soc,9
107,2,PET_total,2.4285714285714284
107,2,EYES_total,28
28,2,SITES,4
28,2,IRI_FS,15
28,2,IRI_EC,11
28,2,IRI_PT,15
28,2,IRI_PD,6
28,2,IRI_total,47
28,2,EQ_total,29
28,2,EQ_cog,13
28,2,EQ_aff,11
28,2,EQ_soc,3
28,2,PET_total,2
28,2,EYES_total,26
101,2,SITES,5
101,2,IRI_FS,22
101,2,IRI_EC,22
101,2,IRI_PT,21
101,2,IRI_PD,15
101,2,IRI_total,80
101,2,EQ_total,37
101,2,EQ_cog,19
101,2,EQ_aff,9
101,2,EQ_soc,5
101,2,PET_total,3.857142857142857
101,2,EYES_total,24
77,2,SITES,5
77,2,IRI_FS,9
77,2,IRI_EC,27
77,2,IRI_PT,22
77,2,IRI_PD,7
77,2,IRI_total,65
77,2,EQ_total,70
77,2,EQ_cog,30
77,2,EQ_aff,19
77,2,EQ_soc,11
77,2,PET_total,4.571428571428571
77,2,EYES_total,26
63,2,SITES,3
63,2,IRI_FS,14
63,2,IRI_EC,12
63,2,IRI_PT,11
63,2,IRI_PD,16
63,2,IRI_total,53
63,2,EQ_total,16
63,2,EQ_cog,6
63,2,EQ_aff,7
63,2,EQ_soc,8
63,2,PET_total,1.8571428571428572
63,2,EYES_total,31
132,2,SITES,4
132,2,IRI_FS,28
132,2,IRI_EC,26
132,2,IRI_PT,21
132,2,IRI_PD,15
132,2,IRI_total,90
132,2,EQ_total,43
132,2,EQ_cog,15
132,2,EQ_aff,14
132,2,EQ_soc,8
132,2,PET_total,4.714285714285714
132,2,EYES_total,29
10,2,SITES,4
10,2,IRI_FS,11
10,2,IRI_EC,12
10,2,IRI_PT,25
10,2,IRI_PD,6
10,2,IRI_total,54
10,2,EQ_total,38
10,2,EQ_cog,25
10,2,EQ_aff,7
10,2,EQ_soc,3
10,2,PET_total,4
10,2,EYES_total,26
89,2,SITES,5
89,2,IRI_FS,20
89,2,IRI_EC,22
89,2,IRI_PT,26
89,2,IRI_PD,22
89,2,IRI_total,90
89,2,EQ_total,53
89,2,EQ_cog,28
89,2,EQ_aff,13
89,2,EQ_soc,5
89,2,PET_total,3.142857142857143
89,2,EYES_total,27
106,2,SITES,5
106,2,IRI_FS,12
106,2,IRI_EC,27
106,2,IRI_PT,28
106,2,IRI_PD,2
106,2,IRI_total,69
106,2,EQ_total,67
106,2,EQ_cog,27
106,2,EQ_aff,22
106,2,EQ_soc,10
106,2,PET_total,4.714285714285714
106,2,EYES_total,29
53,2,SITES,2
53,2,IRI_FS,11
53,2,IRI_EC,10
53,2,IRI_PT,11
53,2,IRI_PD,15
53,2,IRI_total,47
53,2,EQ_total,28
53,2,EQ_cog,9
53,2,EQ_aff,10
53,2,EQ_soc,5
53,2,PET_total,2
53,2,EYES_total,7
113,2,SITES,5
113,2,IRI_FS,23
113,2,IRI_EC,27
113,2,IRI_PT,20
113,2,IRI_PD,19
113,2,IRI_total,89
113,2,EQ_total,61
113,2,EQ_cog,23
113,2,EQ_aff,21
113,2,EQ_soc,10
113,2,PET_total,4.428571428571429
113,2,EYES_total,21
61,2,SITES,5
61,2,IRI_FS,14
61,2,IRI_EC,26
61,2,IRI_PT,20
61,2,IRI_PD,12
61,2,IRI_total,72
61,2,EQ_total,45
61,2,EQ_cog,15
61,2,EQ_aff,16
61,2,EQ_soc,6
61,2,PET_total,4.142857142857143
61,2,EYES_total,26
135,2,SITES,4
135,2,IRI_FS,13
135,2,IRI_EC,19
135,2,IRI_PT,17
135,2,IRI_PD,14
135,2,IRI_total,63
135,2,EQ_total,39
135,2,EQ_cog,17
135,2,EQ_aff,14
135,2,EQ_soc,9
135,2,PET_total,2.4285714285714284
135,2,EYES_total,29
114,2,SITES,4
114,2,IRI_FS,24
114,2,IRI_EC,19
114,2,IRI_PT,22
114,2,IRI_PD,2
114,2,IRI_total,67
114,2,EQ_total,61
114,2,EQ_cog,24
114,2,EQ_aff,18
114,2,EQ_soc,11
114,2,PET_total,3.857142857142857
114,2,EYES_total,24
20,2,SITES,3
20,2,IRI_FS,9
20,2,IRI_EC,16
20,2,IRI_PT,12
20,2,IRI_PD,18
20,2,IRI_total,55
20,2,EQ_total,35
20,2,EQ_cog,10
20,2,EQ_aff,14
20,2,EQ_soc,12
20,2,PET_total,4.285714285714286
20,2,EYES_total,31
15,2,SITES,4
15,2,IRI_FS,15
15,2,IRI_EC,24
15,2,IRI_PT,20
15,2,IRI_PD,19
15,2,IRI_total,78
15,2,EQ_total,36
15,2,EQ_cog,7
15,2,EQ_aff,14
15,2,EQ_soc,5
15,2,PET_total,4.142857142857143
15,2,EYES_total,20
139,2,SITES,4
139,2,IRI_FS,20
139,2,IRI_EC,25
139,2,IRI_PT,14
139,2,IRI_PD,17
139,2,IRI_total,76
139,2,EQ_total,46
139,2,EQ_cog,15
139,2,EQ_aff,18
139,2,EQ_soc,6
139,2,PET_total,4.285714285714286
139,2,EYES_total,25
54,2,SITES,4
54,2,IRI_FS,24
54,2,IRI_EC,23
54,2,IRI_PT,21
54,2,IRI_PD,13
54,2,IRI_total,81
54,2,EQ_total,49
54,2,EQ_cog,15
54,2,EQ_aff,19
54,2,EQ_soc,12
54,2,PET_total,4.142857142857143
54,2,EYES_total,30
112,2,SITES,4
112,2,IRI_FS,15
112,2,IRI_EC,28
112,2,IRI_PT,23
112,2,IRI_PD,7
112,2,IRI_total,73
112,2,EQ_total,59
112,2,EQ_cog,25
112,2,EQ_aff,19
112,2,EQ_soc,8
112,2,PET_total,5
112,2,EYES_total,17
38,2,SITES,4
38,2,IRI_FS,21
38,2,IRI_EC,20
38,2,IRI_PT,25
38,2,IRI_PD,16
38,2,IRI_total,82
38,2,EQ_total,41
38,2,EQ_cog,13
38,2,EQ_aff,15
38,2,EQ_soc,8
38,2,PET_total,4.571428571428571
38,2,EYES_total,24
93,2,SITES,5
93,2,IRI_FS,17
93,2,IRI_EC,22
93,2,IRI_PT,22
93,2,IRI_PD,9
93,2,IRI_total,70
93,2,EQ_total,54
93,2,EQ_cog,21
93,2,EQ_aff,21
93,2,EQ_soc,7
93,2,PET_total,1.7142857142857142
93,2,EYES_total,26
17,2,SITES,4
17,2,IRI_FS,18
17,2,IRI_EC,18
17,2,IRI_PT,10
17,2,IRI_PD,16
17,2,IRI_total,62
17,2,EQ_total,41
17,2,EQ_cog,12
17,2,EQ_aff,15
17,2,EQ_soc,6
17,2,PET_total,3.142857142857143
17,2,EYES_total,32
26,2,SITES,5
26,2,IRI_FS,19
26,2,IRI_EC,20
26,2,IRI_PT,12
26,2,IRI_PD,1
26,2,IRI_total,52
26,2,EQ_total,36
26,2,EQ_cog,14
26,2,EQ_aff,12
26,2,EQ_soc,6
26,2,PET_total,3.857142857142857
26,2,EYES_total,21
71,2,SITES,4
71,2,IRI_FS,15
71,2,IRI_EC,24
71,2,IRI_PT,24
71,2,IRI_PD,5
71,2,IRI_total,68
71,2,EQ_total,43
71,2,EQ_cog,17
71,2,EQ_aff,14
71,2,EQ_soc,12
71,2,PET_total,4.571428571428571
71,2,EYES_total,33
136,2,SITES,4
136,2,IRI_FS,15
136,2,IRI_EC,18
136,2,IRI_PT,19
136,2,IRI_PD,12
136,2,IRI_total,64
136,2,EQ_total,53
136,2,EQ_cog,24
136,2,EQ_aff,13
136,2,EQ_soc,10
136,2,PET_total,4.285714285714286
136,2,EYES_total,29
124,2,SITES,4
124,2,IRI_FS,17
124,2,IRI_EC,21
124,2,IRI_PT,16
124,2,IRI_PD,12
124,2,IRI_total,66
124,2,EQ_total,47
124,2,EQ_cog,20
124,2,EQ_aff,14
124,2,EQ_soc,8
124,2,PET_total,3
124,2,EYES_total,26
127,2,SITES,4
127,2,IRI_FS,14
127,2,IRI_EC,20
127,2,IRI_PT,16
127,2,IRI_PD,19
127,2,IRI_total,69
127,2,EQ_total,33
127,2,EQ_cog,13
127,2,EQ_aff,13
127,2,EQ_soc,7
127,2,PET_total,3.7142857142857144
127,2,EYES_total,29
9,2,SITES,5
9,2,IRI_FS,14
9,2,IRI_EC,20
9,2,IRI_PT,16
9,2,IRI_PD,5
9,2,IRI_total,55
9,2,EQ_total,62
9,2,EQ_cog,27
9,2,EQ_aff,17
9,2,EQ_soc,13
9,2,PET_total,2.857142857142857
9,2,EYES_total,29
24,2,SITES,4
24,2,IRI_FS,26
24,2,IRI_EC,26
24,2,IRI_PT,19
24,2,IRI_PD,7
24,2,IRI_total,78
24,2,EQ_total,63
24,2,EQ_cog,30
24,2,EQ_aff,20
24,2,EQ_soc,7
24,2,PET_total,4.571428571428571
24,2,EYES_total,30
110,2,SITES,5
110,2,IRI_FS,3
110,2,IRI_EC,24
110,2,IRI_PT,21
110,2,IRI_PD,13
110,2,IRI_total,61
110,2,EQ_total,36
110,2,EQ_cog,10
110,2,EQ_aff,15
110,2,EQ_soc,9
110,2,PET_total,4
110,2,EYES_total,25
60,2,SITES,4
60,2,IRI_FS,20
60,2,IRI_EC,22
60,2,IRI_PT,18
60,2,IRI_PD,10
60,2,IRI_total,70
60,2,EQ_total,46
60,2,EQ_cog,18
60,2,EQ_aff,16
60,2,EQ_soc,8
60,2,PET_total,4.714285714285714
60,2,EYES_total,28
70,2,SITES,5
70,2,IRI_FS,9
70,2,IRI_EC,21
70,2,IRI_PT,18
70,2,IRI_PD,19
70,2,IRI_total,67
70,2,EQ_total,54
70,2,EQ_cog,23
70,2,EQ_aff,15
70,2,EQ_soc,11
70,2,PET_total,3.5714285714285716
70,2,EYES_total,31
37,2,SITES,4
37,2,IRI_FS,20
37,2,IRI_EC,15
37,2,IRI_PT,24
37,2,IRI_PD,12
37,2,IRI_total,71
37,2,EQ_total,42
37,2,EQ_cog,15
37,2,EQ_aff,14
37,2,EQ_soc,10
37,2,PET_total,2.4285714285714284
37,2,EYES_total,21
50,2,SITES,3
50,2,IRI_FS,12
50,2,IRI_EC,10
50,2,IRI_PT,12
50,2,IRI_PD,22
50,2,IRI_total,56
50,2,EQ_total,41
50,2,EQ_cog,15
50,2,EQ_aff,11
50,2,EQ_soc,15
50,2,PET_total,3.4285714285714284
50,2,EYES_total,33
59,2,SITES,4
59,2,IRI_FS,12
59,2,IRI_EC,18
59,2,IRI_PT,16
59,2,IRI_PD,18
59,2,IRI_total,64
59,2,EQ_total,32
59,2,EQ_cog,14
59,2,EQ_aff,8
59,2,EQ_soc,6
59,2,PET_total,3.4285714285714284
59,2,EYES_total,14
108,2,SITES,4
108,2,IRI_FS,18
108,2,IRI_EC,20
108,2,IRI_PT,23
108,2,IRI_PD,12
108,2,IRI_total,73
108,2,EQ_total,56
108,2,EQ_cog,22
108,2,EQ_aff,17
108,2,EQ_soc,7
108,2,PET_total,4.142857142857143
108,2,EYES_total,25
105,2,SITES,3
105,2,IRI_FS,19
105,2,IRI_EC,15
105,2,IRI_PT,20
105,2,IRI_PD,14
105,2,IRI_total,68
105,2,EQ_total,19
105,2,EQ_cog,2
105,2,EQ_aff,11
105,2,EQ_soc,7
105,2,PET_total,3.857142857142857
105,2,EYES_total,29
51,2,SITES,5
51,2,IRI_FS,17
51,2,IRI_EC,24
51,2,IRI_PT,23
51,2,IRI_PD,18
51,2,IRI_total,82
51,2,EQ_total,52
51,2,EQ_cog,14
51,2,EQ_aff,15
51,2,EQ_soc,12
51,2,PET_total,4.714285714285714
51,2,EYES_total,22
41,2,SITES,5
41,2,IRI_FS,11
41,2,IRI_EC,19
41,2,IRI_PT,18
41,2,IRI_PD,11
41,2,IRI_total,59
41,2,EQ_total,50
41,2,EQ_cog,24
41,2,EQ_aff,13
41,2,EQ_soc,10
41,2,PET_total,4.571428571428571
41,2,EYES_total,23
68,2,SITES,4
68,2,IRI_FS,7
68,2,IRI_EC,13
68,2,IRI_PT,19
68,2,IRI_PD,0
68,2,IRI_total,39
68,2,EQ_total,44
68,2,EQ_cog,25
68,2,EQ_aff,8
68,2,EQ_soc,10
68,2,PET_total,1
68,2,EYES_total,31
84,2,SITES,4
84,2,IRI_FS,12
84,2,IRI_EC,18
84,2,IRI_PT,19
84,2,IRI_PD,15
84,2,IRI_total,64
84,2,EQ_total,47
84,2,EQ_cog,17
84,2,EQ_aff,14
84,2,EQ_soc,11
84,2,PET_total,3.5714285714285716
84,2,EYES_total,31
109,2,SITES,4
109,2,IRI_FS,17
109,2,IRI_EC,23
109,2,IRI_PT,20
109,2,IRI_PD,18
109,2,IRI_total,78
109,2,EQ_total,48
109,2,EQ_cog,19
109,2,EQ_aff,16
109,2,EQ_soc,8
109,2,PET_total,4
109,2,EYES_total,23
122,2,SITES,5
122,2,IRI_FS,24
122,2,IRI_EC,24
122,2,IRI_PT,22
122,2,IRI_PD,22
122,2,IRI_total,92
122,2,EQ_total,44
122,2,EQ_cog,18
122,2,EQ_aff,17
122,2,EQ_soc,9
122,2,PET_total,4.714285714285714
122,2,EYES_total,25
94,2,SITES,5
94,2,IRI_FS,26
94,2,IRI_EC,24
94,2,IRI_PT,22
94,2,IRI_PD,5
94,2,IRI_total,77
94,2,EQ_total,55
94,2,EQ_cog,19
94,2,EQ_aff,16
94,2,EQ_soc,11
94,2,PET_total,4.571428571428571
94,2,EYES_total,26
27,2,SITES,4
27,2,IRI_FS,20
27,2,IRI_EC,22
27,2,IRI_PT,21
27,2,IRI_PD,21
27,2,IRI_total,84
27,2,EQ_total,57
27,2,EQ_cog,22
27,2,EQ_aff,18
27,2,EQ_soc,13
27,2,PET_total,3.7142857142857144
27,2,EYES_total,30
22,2,SITES,4
22,2,IRI_FS,3
22,2,IRI_EC,5
22,2,IRI_PT,10
22,2,IRI_PD,9
22,2,IRI_total,27
22,2,EQ_total,30
22,2,EQ_cog,12
22,2,EQ_aff,9
22,2,EQ_soc,9
22,2,PET_total,2
22,2,EYES_total,26
80,2,SITES,4
80,2,IRI_FS,18
80,2,IRI_EC,23
80,2,IRI_PT,15
80,2,IRI_PD,17
80,2,IRI_total,73
80,2,EQ_total,43
80,2,EQ_cog,16
80,2,EQ_aff,16
80,2,EQ_soc,9
80,2,PET_total,3.142857142857143
80,2,EYES_total,22
35,2,SITES,4
35,2,IRI_FS,11
35,2,IRI_EC,20
35,2,IRI_PT,18
35,2,IRI_PD,9
35,2,IRI_total,58
35,2,EQ_total,44
35,2,EQ_cog,15
35,2,EQ_aff,13
35,2,EQ_soc,10
35,2,PET_total,2
35,2,EYES_total,22
5,2,SITES,4
5,2,IRI_FS,20
5,2,IRI_EC,20
5,2,IRI_PT,20
5,2,IRI_PD,13
5,2,IRI_total,73
5,2,EQ_total,39
5,2,EQ_cog,15
5,2,EQ_aff,13
5,2,EQ_soc,8
5,2,PET_total,3.5714285714285716
5,2,EYES_total,30
62,2,SITES,5
62,2,IRI_FS,24
62,2,IRI_EC,28
62,2,IRI_PT,24
62,2,IRI_PD,9
62,2,IRI_total,85
62,2,EQ_total,60
62,2,EQ_cog,24
62,2,EQ_aff,21
62,2,EQ_soc,12
62,2,PET_total,5
62,2,EYES_total,31
104,2,SITES,2
104,2,IRI_FS,6
104,2,IRI_EC,9
104,2,IRI_PT,14
104,2,IRI_PD,4
104,2,IRI_total,33
104,2,EQ_total,28
104,2,EQ_cog,11
104,2,EQ_aff,8
104,2,EQ_soc,8
104,2,PET_total,3.4285714285714284
104,2,EYES_total,18
25,2,SITES,4
25,2,IRI_FS,17
25,2,IRI_EC,24
25,2,IRI_PT,19
25,2,IRI_PD,9
25,2,IRI_total,69
25,2,EQ_total,50
25,2,EQ_cog,17
25,2,EQ_aff,20
25,2,EQ_soc,9
25,2,PET_total,4.571428571428571
25,2,EYES_total,19
128,2,SITES,3
128,2,IRI_FS,14
128,2,IRI_EC,14
128,2,IRI_PT,14
128,2,IRI_PD,13
128,2,IRI_total,55
128,2,EQ_total,19
128,2,EQ_cog,8
128,2,EQ_aff,2
128,2,EQ_soc,7
128,2,PET_total,2.857142857142857
128,2,EYES_total,13
