unique_id,domain,iat_type,IAT_score,bfi_a1,bfi_a2,bfi_a3,bfi_a4,bfi_a5,bfi_a6,bfi_a7,bfi_a8,bfi_a9,bfi_c1,bfi_c2,bfi_c3,bfi_c4,bfi_c5,bfi_c6,bfi_c7,bfi_c8,bfi_c9,bfi_e1,bfi_e2,bfi_e3,bfi_e4,bfi_e5,bfi_e6,bfi_e7,bfi_e8,bfi_n1,bfi_n2,bfi_n3,bfi_n4,bfi_n5,bfi_n6,bfi_n7,bfi_n8,bfi_o1,bfi_o10,bfi_o2,bfi_o3,bfi_o4,bfi_o5,bfi_o6,bfi_o7,bfi_o8,bfi_o9,complete_iat_data,complete_individual_differences_data,exclude_iat
440109,African Americans - European Americans,Evaluation,0.156,NA,NA,NA,NA,NA,NA,NA,NA,NA,6,2,6,4,4,5,5,5,2,2,5,2,4,5,4,5,3,3,3,6,4,4,5,5,4,NA,NA,NA,NA,NA,NA,NA,NA,NA,NA,TRUE,TRUE,FALSE
355243,African Americans - European Americans,Evaluation,-0.39,3,4,3,4,4,2,5,3,4,NA,NA,NA,NA,NA,NA,NA,NA,NA,NA,NA,NA,NA,NA,NA,NA,NA,NA,NA,NA,NA,NA,NA,NA,NA,4,3,5,5,6,4,5,3,5,4,TRUE,TRUE,FALSE
214625,African Americans - European Americans,Evaluation,-0.565,5,4,3,4,5,1,4,2,5,NA,NA,NA,NA,NA,NA,NA,NA,NA,NA,NA,NA,NA,NA,NA,NA,NA,NA,NA,NA,NA,NA,NA,NA,NA,4,4,4,4,6,4,4,4,4,2,TRUE,TRUE,FALSE
214148,African Americans - European Americans,Evaluation,0.026,6,4,1,4,4,5,5,4,3,NA,NA,NA,NA,NA,NA,NA,NA,NA,NA,NA,NA,NA,NA,NA,NA,NA,NA,NA,NA,NA,NA,NA,NA,NA,3,2,6,4,4,4,4,5,4,2,TRUE,TRUE,FALSE
213400,African Americans - European Americans,Evaluation,0.519,2,4,1,3,5,1,5,1,5,NA,NA,NA,NA,NA,NA,NA,NA,NA,NA,NA,NA,NA,NA,NA,NA,NA,NA,NA,NA,NA,NA,NA,NA,NA,2,2,4,4,5,2,3,4,4,6,TRUE,TRUE,FALSE
216503,African Americans - European Americans,Evaluation,0.851,3,5,6,2,4,5,4,4,5,NA,NA,NA,NA,NA,NA,NA,NA,NA,NA,NA,NA,NA,NA,NA,NA,NA,NA,NA,NA,NA,NA,NA,NA,NA,4,5,6,5,5,4,5,2,6,4,TRUE,TRUE,FALSE
369479,African Americans - European Americans,Evaluation,-0.182,NA,NA,NA,NA,NA,NA,NA,NA,NA,5,3,5,5,4,6,4,6,4,6,3,4,5,2,5,3,6,2,5,4,5,4,2,6,5,NA,NA,NA,NA,NA,NA,NA,NA,NA,NA,TRUE,TRUE,FALSE
220525,African Americans - European Americans,Evaluation,0.3,NA,NA,NA,NA,NA,NA,NA,NA,NA,6,2,5,4,2,6,6,6,4,6,4,3,5,4,6,6,5,4,2,5,4,3,6,3,2,NA,NA,NA,NA,NA,NA,NA,NA,NA,NA,TRUE,TRUE,FALSE
225948,African Americans - European Americans,Evaluation,-0.051,4,5,3,3,2,4,4,4,5,NA,NA,NA,NA,NA,NA,NA,NA,NA,NA,NA,NA,NA,NA,NA,NA,NA,NA,NA,NA,NA,NA,NA,NA,NA,5,5,6,5,5,5,6,3,6,1,TRUE,TRUE,FALSE
227399,African Americans - European Americans,Evaluation,-0.414,5,3,5,3,4,6,3,6,2,NA,NA,NA,NA,NA,NA,NA,NA,NA,NA,NA,NA,NA,NA,NA,NA,NA,NA,NA,NA,NA,NA,NA,NA,NA,3,5,6,5,3,2,4,4,5,4,TRUE,TRUE,FALSE
228671,African Americans - European Americans,Evaluation,0.41,2,5,1,6,5,4,6,1,6,NA,NA,NA,NA,NA,NA,NA,NA,NA,NA,NA,NA,NA,NA,NA,NA,NA,NA,NA,NA,NA,NA,NA,NA,NA,4,5,6,4,5,4,5,2,5,1,TRUE,TRUE,FALSE
232178,African Americans - European Americans,Evaluation,0.252,NA,NA,NA,NA,NA,NA,NA,NA,NA,5,2,3,4,4,2,5,2,5,4,4,2,NA,4,5,5,4,6,2,6,6,1,5,2,6,NA,NA,NA,NA,NA,NA,NA,NA,NA,NA,TRUE,FALSE,FALSE
232474,African Americans - European Americans,Evaluation,-0.676,3,6,2,4,5,4,6,5,3,NA,NA,NA,NA,NA,NA,NA,NA,NA,NA,NA,NA,NA,NA,NA,NA,NA,NA,NA,NA,NA,NA,NA,NA,NA,6,5,6,6,6,6,6,1,6,1,TRUE,TRUE,FALSE
233978,African Americans - European Americans,Evaluation,-0.481,NA,NA,NA,NA,NA,NA,NA,NA,NA,5,1,6,4,1,6,5,5,4,4,5,5,4,4,5,4,6,2,5,4,2,6,4,5,3,NA,NA,NA,NA,NA,NA,NA,NA,NA,NA,TRUE,TRUE,FALSE
235367,African Americans - European Americans,Evaluation,0.426,6,2,3,5,2,6,1,6,4,NA,NA,NA,NA,NA,NA,NA,NA,NA,NA,NA,NA,NA,NA,NA,NA,NA,NA,NA,NA,NA,NA,NA,NA,NA,6,5,6,6,5,5,5,3,4,1,TRUE,TRUE,FALSE
238241,African Americans - European Americans,Evaluation,0.63,2,5,1,5,6,5,5,6,6,NA,NA,NA,NA,NA,NA,NA,NA,NA,NA,NA,NA,NA,NA,NA,NA,NA,NA,NA,NA,NA,NA,NA,NA,NA,5,4,6,4,5,4,5,4,5,2,TRUE,TRUE,FALSE
239346,African Americans - European Americans,Evaluation,-0.25,NA,NA,NA,NA,NA,NA,NA,NA,NA,5,1,6,1,3,5,5,6,2,6,1,5,5,2,4,2,6,4,3,4,4,3,4,3,4,NA,NA,NA,NA,NA,NA,NA,NA,NA,NA,TRUE,TRUE,FALSE
241587,African Americans - European Americans,Evaluation,0.393,2,5,5,4,6,5,5,4,5,NA,NA,NA,NA,NA,NA,NA,NA,NA,NA,NA,NA,NA,NA,NA,NA,NA,NA,NA,NA,NA,NA,NA,NA,NA,6,3,6,6,6,5,5,3,5,2,TRUE,TRUE,FALSE
243747,African Americans - European Americans,Evaluation,0.604,NA,NA,NA,NA,NA,NA,NA,NA,NA,6,4,5,4,5,3,5,5,3,4,2,3,3,4,5,5,5,4,4,4,4,5,5,6,4,NA,NA,NA,NA,NA,NA,NA,NA,NA,NA,TRUE,TRUE,FALSE
245717,African Americans - European Americans,Evaluation,-0.294,NA,NA,NA,NA,NA,NA,NA,NA,NA,5,2,5,3,3,4,4,4,4,2,6,3,3,6,3,5,3,4,4,3,4,3,3,4,4,NA,NA,NA,NA,NA,NA,NA,NA,NA,NA,TRUE,TRUE,FALSE
249730,African Americans - European Americans,Evaluation,1.172,4,4,4,4,4,1,4,4,6,NA,NA,NA,NA,NA,NA,NA,NA,NA,NA,NA,NA,NA,NA,NA,NA,NA,NA,NA,NA,NA,NA,NA,NA,NA,2,1,4,1,3,1,4,3,3,6,TRUE,TRUE,FALSE
251939,African Americans - European Americans,Evaluation,0.218,NA,NA,NA,NA,NA,NA,NA,NA,NA,5,3,4,3,4,4,4,6,4,4,4,4,5,4,3,6,4,3,4,4,4,6,4,4,4,NA,NA,NA,NA,NA,NA,NA,NA,NA,NA,TRUE,TRUE,FALSE
253188,African Americans - European Americans,Evaluation,0.903,4,5,2,4,6,3,6,1,6,NA,NA,NA,NA,NA,NA,NA,NA,NA,NA,NA,NA,NA,NA,NA,NA,NA,NA,NA,NA,NA,NA,NA,NA,NA,3,4,6,6,6,4,6,2,6,4,TRUE,TRUE,FALSE
253519,African Americans - European Americans,Evaluation,0.333,2,6,1,5,6,2,6,3,5,NA,NA,NA,NA,NA,NA,NA,NA,NA,NA,NA,NA,NA,NA,NA,NA,NA,NA,NA,NA,NA,NA,NA,NA,NA,5,5,5,6,6,5,5,5,6,6,TRUE,TRUE,FALSE
254504,African Americans - European Americans,Evaluation,0.467,NA,NA,NA,NA,NA,NA,NA,NA,NA,4,4,4,4,5,4,4,4,3,4,4,3,4,4,6,4,4,4,6,2,2,4,4,5,1,NA,NA,NA,NA,NA,NA,NA,NA,NA,NA,TRUE,TRUE,FALSE
285703,African Americans - European Americans,Evaluation,0.184,NA,NA,NA,NA,NA,NA,NA,NA,NA,4,6,4,6,5,3,2,5,6,6,1,4,6,1,2,2,6,6,1,5,6,1,4,2,5,NA,NA,NA,NA,NA,NA,NA,NA,NA,NA,TRUE,TRUE,FALSE
287257,African Americans - European Americans,Evaluation,0.625,NA,NA,NA,NA,NA,NA,NA,NA,NA,6,2,6,4,1,4,5,5,2,6,3,5,5,2,5,4,5,4,4,5,5,4,4,5,4,NA,NA,NA,NA,NA,NA,NA,NA,NA,NA,TRUE,TRUE,FALSE
289486,African Americans - European Americans,Evaluation,0.76,2,6,1,6,6,1,6,1,6,NA,NA,NA,NA,NA,NA,NA,NA,NA,NA,NA,NA,NA,NA,NA,NA,NA,NA,NA,NA,NA,NA,NA,NA,NA,4,5,5,4,5,4,5,5,4,1,TRUE,TRUE,FALSE
289105,African Americans - European Americans,Evaluation,0.36,5,4,3,4,3,4,4,2,5,NA,NA,NA,NA,NA,NA,NA,NA,NA,NA,NA,NA,NA,NA,NA,NA,NA,NA,NA,NA,NA,NA,NA,NA,NA,6,4,6,5,5,5,5,3,5,2,TRUE,TRUE,FALSE
291619,African Americans - European Americans,Evaluation,1.077,NA,NA,NA,NA,NA,NA,NA,NA,NA,5,6,6,4,1,4,NA,4,4,6,5,4,5,4,4,4,5,1,4,3,6,4,2,6,6,NA,NA,NA,NA,NA,NA,NA,NA,NA,NA,TRUE,FALSE,FALSE
293517,African Americans - European Americans,Evaluation,-0.067,4,3,3,4,6,4,6,3,3,NA,NA,NA,NA,NA,NA,NA,NA,NA,NA,NA,NA,NA,NA,NA,NA,NA,NA,NA,NA,NA,NA,NA,NA,NA,4,5,6,4,5,4,5,4,4,2,TRUE,TRUE,FALSE
296088,African Americans - European Americans,Evaluation,0.246,1,5,3,6,6,4,6,1,5,NA,NA,NA,NA,NA,NA,NA,NA,NA,NA,NA,NA,NA,NA,NA,NA,NA,NA,NA,NA,NA,NA,NA,NA,NA,5,3,6,4,1,5,4,3,6,3,TRUE,TRUE,FALSE
310835,African Americans - European Americans,Evaluation,0.501,5,3,4,3,2,4,3,5,4,NA,NA,NA,NA,NA,NA,NA,NA,NA,NA,NA,NA,NA,NA,NA,NA,NA,NA,NA,NA,NA,NA,NA,NA,NA,3,4,6,4,3,5,1,2,6,1,TRUE,TRUE,FALSE
310981,African Americans - European Americans,Evaluation,1.199,3,6,2,5,6,5,5,2,5,NA,NA,NA,NA,NA,NA,NA,NA,NA,NA,NA,NA,NA,NA,NA,NA,NA,NA,NA,NA,NA,NA,NA,NA,NA,6,2,5,6,6,5,4,5,6,2,TRUE,TRUE,FALSE
311817,African Americans - European Americans,Evaluation,0.892,NA,NA,NA,NA,NA,NA,NA,NA,NA,5,2,6,4,1,6,5,6,1,5,5,6,5,2,6,1,5,1,6,3,1,6,1,6,1,NA,NA,NA,NA,NA,NA,NA,NA,NA,NA,TRUE,TRUE,FALSE
316021,African Americans - European Americans,Evaluation,0.806,4,6,1,6,5,6,5,5,4,NA,NA,NA,NA,NA,NA,NA,NA,NA,NA,NA,NA,NA,NA,NA,NA,NA,NA,NA,NA,NA,NA,NA,NA,NA,6,1,6,6,5,6,2,1,6,6,TRUE,TRUE,FALSE
314655,African Americans - European Americans,Evaluation,1.051,NA,NA,NA,NA,NA,NA,NA,NA,NA,6,2,6,1,1,6,6,6,5,5,4,5,5,4,6,5,4,1,5,5,4,5,4,4,4,NA,NA,NA,NA,NA,NA,NA,NA,NA,NA,TRUE,TRUE,FALSE
329537,African Americans - European Americans,Evaluation,0.806,5,3,5,3,4,3,2,5,4,NA,NA,NA,NA,NA,NA,NA,NA,NA,NA,NA,NA,NA,NA,NA,NA,NA,NA,NA,NA,NA,NA,NA,NA,NA,5,1,6,4,5,5,3,3,5,4,TRUE,TRUE,FALSE
337414,African Americans - European Americans,Evaluation,0.201,4,4,4,5,5,5,4,4,4,NA,NA,NA,NA,NA,NA,NA,NA,NA,NA,NA,NA,NA,NA,NA,NA,NA,NA,NA,NA,NA,NA,NA,NA,NA,3,3,5,2,4,1,4,4,4,4,TRUE,TRUE,FALSE
339121,African Americans - European Americans,Evaluation,-0.16,4,6,3,6,6,1,5,1,6,NA,NA,NA,NA,NA,NA,NA,NA,NA,NA,NA,NA,NA,NA,NA,NA,NA,NA,NA,NA,NA,NA,NA,NA,NA,5,1,6,4,5,6,3,1,5,2,TRUE,TRUE,FALSE
343954,African Americans - European Americans,Evaluation,-0.199,NA,NA,NA,NA,NA,NA,NA,NA,NA,6,1,6,4,4,6,6,5,3,6,2,4,5,5,6,1,6,4,2,2,1,5,4,6,2,NA,NA,NA,NA,NA,NA,NA,NA,NA,NA,TRUE,TRUE,FALSE
347838,African Americans - European Americans,Evaluation,0.331,5,5,4,4,3,4,3,5,4,NA,NA,NA,NA,NA,NA,NA,NA,NA,NA,NA,NA,NA,NA,NA,NA,NA,NA,NA,NA,NA,NA,NA,NA,NA,5,2,6,4,6,4,4,4,4,NA,TRUE,FALSE,FALSE
348671,African Americans - European Americans,Evaluation,-0.833,NA,NA,NA,NA,NA,NA,NA,NA,NA,4,5,4,5,5,3,3,4,5,2,5,2,3,5,2,5,3,4,2,4,4,3,4,4,5,NA,NA,NA,NA,NA,NA,NA,NA,NA,NA,TRUE,TRUE,FALSE
354340,African Americans - European Americans,Evaluation,-0.617,NA,NA,NA,NA,NA,NA,NA,NA,NA,5,2,6,6,2,4,4,5,2,4,4,4,3,4,4,2,4,2,4,2,2,5,2,4,3,NA,NA,NA,NA,NA,NA,NA,NA,NA,NA,TRUE,TRUE,FALSE
357132,African Americans - European Americans,Evaluation,0.264,1,4,1,6,6,1,5,2,5,NA,NA,NA,NA,NA,NA,NA,NA,NA,NA,NA,NA,NA,NA,NA,NA,NA,NA,NA,NA,NA,NA,NA,NA,NA,5,5,6,5,6,6,6,2,6,2,TRUE,TRUE,FALSE
368445,African Americans - European Americans,Evaluation,0.053,5,6,6,1,6,4,4,2,6,NA,NA,NA,NA,NA,NA,NA,NA,NA,NA,NA,NA,NA,NA,NA,NA,NA,NA,NA,NA,NA,NA,NA,NA,NA,6,1,4,1,3,6,6,NA,6,4,TRUE,FALSE,FALSE
361490,African Americans - European Americans,Evaluation,0.347,NA,NA,NA,NA,NA,NA,NA,NA,NA,6,6,6,5,4,5,5,6,4,6,4,6,6,3,5,5,3,3,4,4,4,5,4,5,2,NA,NA,NA,NA,NA,NA,NA,NA,NA,NA,TRUE,TRUE,FALSE
365480,African Americans - European Americans,Evaluation,0.359,1,6,1,6,6,2,6,5,6,NA,NA,NA,NA,NA,NA,NA,NA,NA,NA,NA,NA,NA,NA,NA,NA,NA,NA,NA,NA,NA,NA,NA,NA,NA,5,4,6,5,6,5,6,4,6,3,TRUE,TRUE,FALSE
365691,African Americans - European Americans,Evaluation,-0.322,4,5,2,5,3,2,5,3,5,NA,NA,NA,NA,NA,NA,NA,NA,NA,NA,NA,NA,NA,NA,NA,NA,NA,NA,NA,NA,NA,NA,NA,NA,NA,4,3,6,5,6,4,6,2,5,2,TRUE,TRUE,FALSE
365766,African Americans - European Americans,Evaluation,0.744,NA,NA,NA,NA,NA,NA,NA,NA,NA,4,4,4,5,4,5,3,4,5,4,4,5,5,4,4,5,4,2,4,4,4,6,1,5,3,NA,NA,NA,NA,NA,NA,NA,NA,NA,NA,TRUE,TRUE,FALSE
366258,African Americans - European Americans,Evaluation,1.398,2,5,1,5,6,4,6,1,6,NA,NA,NA,NA,NA,NA,NA,NA,NA,NA,NA,NA,NA,NA,NA,NA,NA,NA,NA,NA,NA,NA,NA,NA,NA,6,2,6,6,5,5,5,1,5,4,TRUE,TRUE,FALSE
372836,African Americans - European Americans,Evaluation,0.795,5,5,3,5,5,5,6,4,5,NA,NA,NA,NA,NA,NA,NA,NA,NA,NA,NA,NA,NA,NA,NA,NA,NA,NA,NA,NA,NA,NA,NA,NA,NA,6,5,5,6,6,6,6,3,5,1,TRUE,TRUE,FALSE
388154,African Americans - European Americans,Evaluation,0.51,5,5,1,5,3,3,6,3,5,NA,NA,NA,NA,NA,NA,NA,NA,NA,NA,NA,NA,NA,NA,NA,NA,NA,NA,NA,NA,NA,NA,NA,NA,NA,4,6,6,3,5,4,6,4,5,2,TRUE,TRUE,FALSE
491808,African Americans - European Americans,Evaluation,0.671,NA,NA,NA,NA,NA,NA,NA,NA,NA,5,2,6,2,1,5,6,6,2,2,4,5,3,5,2,4,3,2,5,4,3,5,4,3,4,NA,NA,NA,NA,NA,NA,NA,NA,NA,NA,TRUE,TRUE,FALSE
418670,African Americans - European Americans,Evaluation,-0.023,3,4,2,5,5,5,4,4,4,NA,NA,NA,NA,NA,NA,NA,NA,NA,NA,NA,NA,NA,NA,NA,NA,NA,NA,NA,NA,NA,NA,NA,NA,NA,5,4,6,5,5,5,5,2,6,3,TRUE,TRUE,FALSE
394075,African Americans - European Americans,Evaluation,-0.285,4,5,1,5,3,1,5,1,6,NA,NA,NA,NA,NA,NA,NA,NA,NA,NA,NA,NA,NA,NA,NA,NA,NA,NA,NA,NA,NA,NA,NA,NA,NA,5,5,6,6,6,5,6,4,5,3,TRUE,TRUE,FALSE
401021,African Americans - European Americans,Evaluation,0.465,NA,NA,NA,NA,NA,NA,NA,NA,NA,6,5,6,5,5,6,6,4,2,4,4,3,5,4,2,4,4,5,1,5,6,5,4,3,4,NA,NA,NA,NA,NA,NA,NA,NA,NA,NA,TRUE,TRUE,FALSE
419450,African Americans - European Americans,Evaluation,0.437,2,4,1,6,4,2,4,4,6,NA,NA,NA,NA,NA,NA,NA,NA,NA,NA,NA,NA,NA,NA,NA,NA,NA,NA,NA,NA,NA,NA,NA,NA,NA,6,6,6,6,6,6,6,2,6,1,TRUE,TRUE,FALSE
421489,African Americans - European Americans,Evaluation,0.331,5,5,2,3,5,4,4,4,5,NA,NA,NA,NA,NA,NA,NA,NA,NA,NA,NA,NA,NA,NA,NA,NA,NA,NA,NA,NA,NA,NA,NA,NA,NA,6,6,6,4,6,6,6,2,6,1,TRUE,TRUE,FALSE
429123,African Americans - European Americans,Evaluation,1.059,NA,NA,NA,NA,NA,NA,NA,NA,NA,6,1,6,4,1,5,6,5,5,4,4,3,5,5,5,3,5,4,5,5,4,5,4,5,6,NA,NA,NA,NA,NA,NA,NA,NA,NA,NA,TRUE,TRUE,TRUE
429559,African Americans - European Americans,Evaluation,0.145,4,5,3,6,6,1,6,2,6,NA,NA,NA,NA,NA,NA,NA,NA,NA,NA,NA,NA,NA,NA,NA,NA,NA,NA,NA,NA,NA,NA,NA,NA,NA,4,5,6,3,5,5,6,4,4,3,TRUE,TRUE,FALSE
433267,African Americans - European Americans,Evaluation,0.714,NA,NA,NA,NA,NA,NA,NA,NA,NA,4,2,4,4,3,2,5,5,2,1,5,4,2,6,3,5,1,2,4,4,2,6,2,5,4,NA,NA,NA,NA,NA,NA,NA,NA,NA,NA,TRUE,TRUE,FALSE
435868,African Americans - European Americans,Evaluation,-0.159,2,4,2,6,5,4,5,4,5,NA,NA,NA,NA,NA,NA,NA,NA,NA,NA,NA,NA,NA,NA,NA,NA,NA,NA,NA,NA,NA,NA,NA,NA,NA,5,6,6,5,5,5,6,1,6,1,TRUE,TRUE,FALSE
442495,African Americans - European Americans,Evaluation,-0.424,2,6,2,6,5,3,6,3,5,NA,NA,NA,NA,NA,NA,NA,NA,NA,NA,NA,NA,NA,NA,NA,NA,NA,NA,NA,NA,NA,NA,NA,NA,NA,4,4,5,5,5,4,4,3,5,4,TRUE,TRUE,FALSE
439554,African Americans - European Americans,Evaluation,0.616,NA,NA,NA,NA,NA,NA,NA,NA,NA,4,3,4,4,3,2,4,5,3,4,4,3,4,5,4,4,3,1,4,4,2,5,5,5,4,NA,NA,NA,NA,NA,NA,NA,NA,NA,NA,TRUE,TRUE,FALSE
440148,African Americans - European Americans,Evaluation,0.117,NA,NA,NA,NA,NA,NA,NA,NA,NA,4,3,6,3,1,5,4,4,3,3,4,5,4,4,4,4,3,2,4,4,1,5,1,5,1,NA,NA,NA,NA,NA,NA,NA,NA,NA,NA,TRUE,TRUE,FALSE
446741,African Americans - European Americans,Evaluation,0.207,NA,NA,NA,NA,NA,NA,NA,NA,NA,4,4,4,5,3,4,4,4,4,4,4,3,3,3,4,3,4,2,5,5,3,6,5,5,3,NA,NA,NA,NA,NA,NA,NA,NA,NA,NA,TRUE,TRUE,FALSE
585230,African Americans - European Americans,Evaluation,-0.499,3,5,3,4,5,2,4,4,4,NA,NA,NA,NA,NA,NA,NA,NA,NA,NA,NA,NA,NA,NA,NA,NA,NA,NA,NA,NA,NA,NA,NA,NA,NA,4,4,5,4,6,4,5,4,4,2,TRUE,TRUE,FALSE
448449,African Americans - European Americans,Evaluation,-0.314,2,4,1,5,6,2,5,2,6,NA,NA,NA,NA,NA,NA,NA,NA,NA,NA,NA,NA,NA,NA,NA,NA,NA,NA,NA,NA,NA,NA,NA,NA,NA,5,1,6,6,4,5,4,1,6,5,TRUE,TRUE,FALSE
448828,African Americans - European Americans,Evaluation,0.208,4,4,2,4,6,1,6,2,5,NA,NA,NA,NA,NA,NA,NA,NA,NA,NA,NA,NA,NA,NA,NA,NA,NA,NA,NA,NA,NA,NA,NA,NA,NA,5,2,6,4,4,4,4,4,5,3,TRUE,TRUE,FALSE
449383,African Americans - European Americans,Evaluation,0.22,NA,NA,NA,NA,NA,NA,NA,NA,NA,5,2,6,4,2,6,5,5,2,3,6,5,5,4,5,5,4,1,5,5,4,6,6,6,4,NA,NA,NA,NA,NA,NA,NA,NA,NA,NA,TRUE,TRUE,FALSE
449631,African Americans - European Americans,Evaluation,-0.657,4,4,4,4,4,4,3,4,4,NA,NA,NA,NA,NA,NA,NA,NA,NA,NA,NA,NA,NA,NA,NA,NA,NA,NA,NA,NA,NA,NA,NA,NA,NA,4,3,6,4,5,4,4,4,4,3,TRUE,TRUE,FALSE
466546,African Americans - European Americans,Evaluation,0.32,NA,NA,NA,NA,NA,NA,NA,NA,NA,5,4,5,1,3,6,5,6,4,2,5,3,4,6,4,5,3,2,5,3,4,5,2,6,2,NA,NA,NA,NA,NA,NA,NA,NA,NA,NA,TRUE,TRUE,FALSE
467663,African Americans - European Americans,Evaluation,0.675,3,5,3,5,5,4,4,3,4,NA,NA,NA,NA,NA,NA,NA,NA,NA,NA,NA,NA,NA,NA,NA,NA,NA,NA,NA,NA,NA,NA,NA,NA,NA,6,5,6,6,6,6,6,3,6,5,TRUE,TRUE,FALSE
469605,African Americans - European Americans,Evaluation,0.698,4,4,2,5,4,3,5,4,5,NA,NA,NA,NA,NA,NA,NA,NA,NA,NA,NA,NA,NA,NA,NA,NA,NA,NA,NA,NA,NA,NA,NA,NA,NA,5,3,5,5,5,5,3,2,5,5,TRUE,TRUE,FALSE
478588,African Americans - European Americans,Evaluation,0.953,NA,NA,NA,NA,NA,NA,NA,NA,NA,4,4,5,4,4,4,4,4,4,3,3,4,4,4,4,4,5,2,3,5,5,4,4,2,4,NA,NA,NA,NA,NA,NA,NA,NA,NA,NA,TRUE,TRUE,FALSE
516095,African Americans - European Americans,Evaluation,-0.086,NA,NA,NA,NA,NA,NA,NA,NA,NA,6,6,6,3,4,6,6,6,6,3,6,3,3,6,1,6,5,5,6,6,6,3,6,6,6,NA,NA,NA,NA,NA,NA,NA,NA,NA,NA,TRUE,TRUE,FALSE
487509,African Americans - European Americans,Evaluation,0.091,5,5,3,5,5,2,6,5,4,NA,NA,NA,NA,NA,NA,NA,NA,NA,NA,NA,NA,NA,NA,NA,NA,NA,NA,NA,NA,NA,NA,NA,NA,NA,5,4,5,4,4,4,2,5,4,4,TRUE,TRUE,FALSE
488298,African Americans - European Americans,Evaluation,0.355,NA,NA,NA,NA,NA,NA,NA,NA,NA,4,4,5,4,1,4,5,5,4,5,3,5,5,4,5,2,5,3,6,4,4,3,4,6,2,NA,NA,NA,NA,NA,NA,NA,NA,NA,NA,TRUE,TRUE,FALSE
499594,African Americans - European Americans,Evaluation,0.253,NA,NA,NA,NA,NA,NA,NA,NA,NA,5,3,5,4,2,5,4,5,5,6,1,4,2,2,5,1,6,4,3,3,6,3,5,2,5,NA,NA,NA,NA,NA,NA,NA,NA,NA,NA,TRUE,TRUE,FALSE
510366,African Americans - European Americans,Evaluation,0.681,5,NA,1,6,5,1,5,4,6,NA,NA,NA,NA,NA,NA,NA,NA,NA,NA,NA,NA,NA,NA,NA,NA,NA,NA,NA,NA,NA,NA,NA,NA,NA,6,1,3,3,3,4,1,2,4,5,TRUE,FALSE,FALSE
511349,African Americans - European Americans,Evaluation,1.194,1,5,1,5,5,NA,5,2,6,NA,NA,NA,NA,NA,NA,NA,NA,NA,NA,NA,NA,NA,NA,NA,NA,NA,NA,NA,NA,NA,NA,NA,NA,NA,5,1,5,4,5,5,4,1,5,3,TRUE,FALSE,FALSE
519468,African Americans - European Americans,Evaluation,0.049,4,5,3,5,5,1,5,3,5,NA,NA,NA,NA,NA,NA,NA,NA,NA,NA,NA,NA,NA,NA,NA,NA,NA,NA,NA,NA,NA,NA,NA,NA,NA,5,2,5,5,5,5,4,2,6,3,TRUE,TRUE,FALSE
522741,African Americans - European Americans,Evaluation,0.712,NA,NA,NA,NA,NA,NA,NA,NA,NA,5,5,6,5,2,5,5,5,5,6,1,4,5,1,6,1,6,2,5,4,5,6,2,5,2,NA,NA,NA,NA,NA,NA,NA,NA,NA,NA,TRUE,TRUE,FALSE
527128,African Americans - European Americans,Evaluation,0.177,NA,NA,NA,NA,NA,NA,NA,NA,NA,5,4,5,4,4,5,5,5,4,6,5,5,5,3,6,4,6,2,6,3,2,5,5,6,3,NA,NA,NA,NA,NA,NA,NA,NA,NA,NA,TRUE,TRUE,FALSE
539125,African Americans - European Americans,Evaluation,0.514,5,6,1,5,6,2,5,3,6,NA,NA,NA,NA,NA,NA,NA,NA,NA,NA,NA,NA,NA,NA,NA,NA,NA,NA,NA,NA,NA,NA,NA,NA,NA,5,6,5,3,6,3,6,5,5,3,TRUE,TRUE,FALSE
559109,African Americans - European Americans,Evaluation,0.442,NA,NA,NA,NA,NA,NA,NA,NA,NA,6,2,6,4,2,6,6,5,1,4,3,4,6,3,6,4,3,1,5,4,1,6,4,6,1,NA,NA,NA,NA,NA,NA,NA,NA,NA,NA,TRUE,TRUE,FALSE
548429,African Americans - European Americans,Evaluation,0.521,2,5,3,6,5,2,5,4,5,NA,NA,NA,NA,NA,NA,NA,NA,NA,NA,NA,NA,NA,NA,NA,NA,NA,NA,NA,NA,NA,NA,NA,NA,NA,5,5,6,5,6,6,5,5,5,1,TRUE,TRUE,FALSE
550775,African Americans - European Americans,Evaluation,-0.146,NA,NA,NA,NA,NA,NA,NA,NA,NA,5,5,5,4,5,4,5,5,5,6,4,4,4,5,5,5,5,3,3,5,5,3,5,2,5,NA,NA,NA,NA,NA,NA,NA,NA,NA,NA,TRUE,TRUE,FALSE
555831,African Americans - European Americans,Evaluation,-0.216,6,5,6,5,6,3,5,5,5,NA,NA,NA,NA,NA,NA,NA,NA,NA,NA,NA,NA,NA,NA,NA,NA,NA,NA,NA,NA,NA,NA,NA,NA,NA,5,6,6,5,6,5,6,4,4,1,TRUE,TRUE,FALSE
557720,African Americans - European Americans,Evaluation,-0.282,NA,NA,NA,NA,NA,NA,NA,NA,NA,6,1,6,1,2,6,6,6,2,6,4,5,6,4,6,5,4,1,5,5,3,5,5,5,2,NA,NA,NA,NA,NA,NA,NA,NA,NA,NA,TRUE,TRUE,FALSE
559640,African Americans - European Americans,Evaluation,0.63,NA,NA,NA,NA,NA,NA,NA,NA,NA,6,2,6,2,3,6,5,4,3,3,4,2,5,5,6,4,4,3,5,5,4,6,3,6,2,NA,NA,NA,NA,NA,NA,NA,NA,NA,NA,TRUE,TRUE,FALSE
568128,African Americans - European Americans,Evaluation,0.611,1,6,1,6,6,3,6,2,6,NA,NA,NA,NA,NA,NA,NA,NA,NA,NA,NA,NA,NA,NA,NA,NA,NA,NA,NA,NA,NA,NA,NA,NA,NA,6,4,4,4,6,6,6,1,4,1,TRUE,TRUE,FALSE
568742,African Americans - European Americans,Evaluation,-0.43,5,3,6,6,6,1,6,4,5,NA,NA,NA,NA,NA,NA,NA,NA,NA,NA,NA,NA,NA,NA,NA,NA,NA,NA,NA,NA,NA,NA,NA,NA,NA,6,4,4,5,1,5,4,6,5,1,TRUE,TRUE,FALSE
575534,African Americans - European Americans,Evaluation,0.369,NA,NA,NA,NA,NA,NA,NA,NA,NA,6,5,5,5,3,5,2,4,6,2,3,2,1,6,1,6,3,4,5,4,2,5,4,5,3,NA,NA,NA,NA,NA,NA,NA,NA,NA,NA,TRUE,TRUE,FALSE
578307,African Americans - European Americans,Evaluation,0.213,2,6,2,6,5,2,6,1,4,NA,NA,NA,NA,NA,NA,NA,NA,NA,NA,NA,NA,NA,NA,NA,NA,NA,NA,NA,NA,NA,NA,NA,NA,NA,5,4,5,5,6,6,5,4,4,3,TRUE,TRUE,FALSE
581474,African Americans - European Americans,Evaluation,0.232,NA,NA,NA,NA,NA,NA,NA,NA,NA,6,1,6,1,4,5,6,6,4,4,6,2,1,4,5,4,4,3,5,4,5,6,2,5,1,NA,NA,NA,NA,NA,NA,NA,NA,NA,NA,TRUE,TRUE,FALSE
593293,African Americans - European Americans,Evaluation,0.027,2,5,1,6,1,2,6,4,6,NA,NA,NA,NA,NA,NA,NA,NA,NA,NA,NA,NA,NA,NA,NA,NA,NA,NA,NA,NA,NA,NA,NA,NA,NA,6,5,6,5,5,6,6,2,6,1,TRUE,TRUE,FALSE
593817,African Americans - European Americans,Evaluation,-0.109,NA,NA,NA,NA,NA,NA,NA,NA,NA,6,2,6,4,2,6,5,6,3,5,4,5,5,3,5,4,5,4,4,6,4,5,5,4,4,NA,NA,NA,NA,NA,NA,NA,NA,NA,NA,TRUE,TRUE,FALSE
597411,African Americans - European Americans,Evaluation,0.269,2,6,1,6,5,1,5,6,6,NA,NA,NA,NA,NA,NA,NA,NA,NA,NA,NA,NA,NA,NA,NA,NA,NA,NA,NA,NA,NA,NA,NA,NA,NA,5,6,6,4,5,5,6,1,5,1,TRUE,TRUE,FALSE
627581,African Americans - European Americans,Evaluation,0.138,4,5,2,5,5,4,4,3,5,NA,NA,NA,NA,NA,NA,NA,NA,NA,NA,NA,NA,NA,NA,NA,NA,NA,NA,NA,NA,NA,NA,NA,NA,NA,4,4,6,6,5,5,6,2,6,3,TRUE,TRUE,FALSE
628624,African Americans - European Americans,Evaluation,-0.077,NA,NA,NA,NA,NA,NA,NA,NA,NA,6,1,6,1,2,6,6,6,2,5,4,5,5,2,1,5,5,1,6,1,1,5,6,6,1,NA,NA,NA,NA,NA,NA,NA,NA,NA,NA,TRUE,TRUE,FALSE
629563,African Americans - European Americans,Evaluation,-1.391,5,6,1,4,5,6,4,3,3,NA,NA,NA,NA,NA,NA,NA,NA,NA,NA,NA,NA,NA,NA,NA,NA,NA,NA,NA,NA,NA,NA,NA,NA,NA,6,2,2,1,4,4,2,4,5,5,TRUE,TRUE,TRUE
630625,African Americans - European Americans,Evaluation,-0.157,4,4,1,4,5,4,3,3,6,NA,NA,NA,NA,NA,NA,NA,NA,NA,NA,NA,NA,NA,NA,NA,NA,NA,NA,NA,NA,NA,NA,NA,NA,NA,4,4,6,4,5,5,6,1,5,5,TRUE,TRUE,FALSE
643556,African Americans - European Americans,Evaluation,-0.517,NA,NA,NA,NA,NA,NA,NA,NA,NA,3,4,4,5,4,3,3,4,4,5,4,5,4,3,5,4,6,3,4,4,3,5,4,4,3,NA,NA,NA,NA,NA,NA,NA,NA,NA,NA,TRUE,TRUE,FALSE
645951,African Americans - European Americans,Evaluation,0.456,NA,NA,NA,NA,NA,NA,NA,NA,NA,6,3,6,2,2,6,6,5,3,5,5,5,5,6,5,6,4,4,5,6,5,4,6,4,5,NA,NA,NA,NA,NA,NA,NA,NA,NA,NA,TRUE,TRUE,FALSE
648762,African Americans - European Americans,Evaluation,0.194,NA,NA,NA,NA,NA,NA,NA,NA,NA,6,2,6,2,2,6,5,5,2,5,2,5,5,2,4,4,5,2,4,4,5,5,5,5,5,NA,NA,NA,NA,NA,NA,NA,NA,NA,NA,TRUE,TRUE,FALSE
652654,African Americans - European Americans,Evaluation,0.097,5,5,3,6,4,4,4,4,4,NA,NA,NA,NA,NA,NA,NA,NA,NA,NA,NA,NA,NA,NA,NA,NA,NA,NA,NA,NA,NA,NA,NA,NA,NA,5,5,6,5,6,5,6,5,NA,3,TRUE,FALSE,FALSE
662985,African Americans - European Americans,Evaluation,0.554,NA,NA,NA,NA,NA,NA,NA,NA,NA,5,2,6,4,1,6,6,5,4,5,4,6,5,4,4,5,4,1,4,4,2,5,4,5,3,NA,NA,NA,NA,NA,NA,NA,NA,NA,NA,TRUE,TRUE,FALSE
659647,African Americans - European Americans,Evaluation,0.152,NA,NA,NA,NA,NA,NA,NA,NA,NA,5,5,3,6,6,1,2,5,6,4,4,3,5,3,4,5,5,2,2,5,4,4,6,5,3,NA,NA,NA,NA,NA,NA,NA,NA,NA,NA,TRUE,TRUE,FALSE
669471,African Americans - European Americans,Evaluation,-0.188,3,4,1,6,4,5,3,4,2,NA,NA,NA,NA,NA,NA,NA,NA,NA,NA,NA,NA,NA,NA,NA,NA,NA,NA,NA,NA,NA,NA,NA,NA,NA,3,3,4,4,3,4,4,4,5,4,TRUE,TRUE,FALSE
201268,African Americans - European Americans,Evaluation,0.959,5,4,2,2,5,2,5,2,5,NA,NA,NA,NA,NA,NA,NA,NA,NA,NA,NA,NA,NA,NA,NA,NA,NA,NA,NA,NA,NA,NA,NA,NA,NA,6,5,5,6,6,6,4,6,3,2,TRUE,TRUE,FALSE
196719,African Americans - European Americans,Evaluation,0.114,NA,NA,NA,NA,NA,NA,NA,NA,NA,6,6,6,6,6,6,5,4,6,6,4,6,6,1,6,4,6,6,6,5,6,6,4,6,4,NA,NA,NA,NA,NA,NA,NA,NA,NA,NA,TRUE,TRUE,FALSE
194849,African Americans - European Americans,Evaluation,-0.306,NA,NA,NA,NA,NA,NA,NA,NA,NA,6,5,6,5,4,4,5,5,5,6,3,5,5,3,6,4,5,3,3,5,6,4,4,5,4,NA,NA,NA,NA,NA,NA,NA,NA,NA,NA,TRUE,TRUE,FALSE
193446,African Americans - European Americans,Evaluation,-0.816,NA,NA,NA,NA,NA,NA,NA,NA,NA,6,1,6,2,1,6,5,5,4,2,4,5,6,4,6,5,4,2,5,4,4,5,1,5,2,NA,NA,NA,NA,NA,NA,NA,NA,NA,NA,TRUE,TRUE,FALSE
193083,African Americans - European Americans,Evaluation,0.717,NA,NA,NA,NA,NA,NA,NA,NA,NA,5,4,4,1,5,5,5,5,4,4,4,4,4,4,3,4,3,1,5,2,2,6,3,5,2,NA,NA,NA,NA,NA,NA,NA,NA,NA,NA,TRUE,TRUE,FALSE
186334,African Americans - European Americans,Evaluation,0.746,NA,NA,NA,NA,NA,NA,NA,NA,NA,4,4,5,4,4,4,5,4,5,4,3,2,4,4,4,5,4,4,4,3,3,3,4,4,4,NA,NA,NA,NA,NA,NA,NA,NA,NA,NA,TRUE,TRUE,FALSE
181481,African Americans - European Americans,Evaluation,0.311,3,4,2,5,5,4,5,3,5,NA,NA,NA,NA,NA,NA,NA,NA,NA,NA,NA,NA,NA,NA,NA,NA,NA,NA,NA,NA,NA,NA,NA,NA,NA,3,3,4,4,3,3,4,3,4,4,TRUE,TRUE,FALSE
180366,African Americans - European Americans,Evaluation,0.861,3,5,1,6,6,2,6,5,5,NA,NA,NA,NA,NA,NA,NA,NA,NA,NA,NA,NA,NA,NA,NA,NA,NA,NA,NA,NA,NA,NA,NA,NA,NA,5,5,1,4,6,6,1,3,6,1,TRUE,TRUE,FALSE
179098,African Americans - European Americans,Evaluation,0.506,4,4,2,5,2,2,5,2,3,NA,NA,NA,NA,NA,NA,NA,NA,NA,NA,NA,NA,NA,NA,NA,NA,NA,NA,NA,NA,NA,NA,NA,NA,NA,5,4,6,3,6,5,5,1,5,2,TRUE,TRUE,FALSE
175558,African Americans - European Americans,Evaluation,0.294,NA,NA,NA,NA,NA,NA,NA,NA,NA,5,5,3,5,4,3,4,6,5,6,2,3,5,4,5,5,5,1,4,4,5,5,4,5,5,NA,NA,NA,NA,NA,NA,NA,NA,NA,NA,TRUE,TRUE,FALSE
173471,African Americans - European Americans,Evaluation,-0.334,2,4,4,5,4,3,5,4,6,NA,NA,NA,NA,NA,NA,NA,NA,NA,NA,NA,NA,NA,NA,NA,NA,NA,NA,NA,NA,NA,NA,NA,NA,NA,4,5,5,4,6,5,6,2,5,2,TRUE,TRUE,FALSE
173044,African Americans - European Americans,Evaluation,0.298,1,6,5,5,6,5,6,5,3,NA,NA,NA,NA,NA,NA,NA,NA,NA,NA,NA,NA,NA,NA,NA,NA,NA,NA,NA,NA,NA,NA,NA,NA,NA,6,5,6,6,6,6,6,1,6,1,TRUE,TRUE,FALSE
170731,African Americans - European Americans,Evaluation,0.322,5,6,2,5,5,4,5,1,6,NA,NA,NA,NA,NA,NA,NA,NA,NA,NA,NA,NA,NA,NA,NA,NA,NA,NA,NA,NA,NA,NA,NA,NA,NA,5,5,6,5,6,6,6,2,6,2,TRUE,TRUE,FALSE
164811,African Americans - European Americans,Evaluation,0.658,5,4,3,4,5,1,5,4,4,NA,NA,NA,NA,NA,NA,NA,NA,NA,NA,NA,NA,NA,NA,NA,NA,NA,NA,NA,NA,NA,NA,NA,NA,NA,5,6,6,6,6,5,5,3,4,1,TRUE,TRUE,FALSE
164203,African Americans - European Americans,Evaluation,0.133,NA,NA,NA,NA,NA,NA,NA,NA,NA,3,1,6,1,6,6,5,6,3,2,5,5,4,4,5,4,6,4,6,4,3,6,4,6,1,NA,NA,NA,NA,NA,NA,NA,NA,NA,NA,TRUE,TRUE,FALSE
163143,African Americans - European Americans,Evaluation,0.819,4,4,1,5,2,3,5,2,5,NA,NA,NA,NA,NA,NA,NA,NA,NA,NA,NA,NA,NA,NA,NA,NA,NA,NA,NA,NA,NA,NA,NA,NA,NA,1,1,4,4,3,1,3,5,3,6,TRUE,TRUE,FALSE
162402,African Americans - European Americans,Evaluation,-0.4,6,5,5,6,1,6,1,6,5,NA,NA,NA,NA,NA,NA,NA,NA,NA,NA,NA,NA,NA,NA,NA,NA,NA,NA,NA,NA,NA,NA,NA,NA,NA,2,4,6,4,5,4,4,2,2,NA,TRUE,FALSE,FALSE
214776,African Americans - European Americans,Evaluation,0.82,NA,NA,NA,NA,NA,NA,NA,NA,NA,6,4,6,5,4,5,6,3,3,4,4,3,5,4,4,3,5,2,5,4,2,6,4,6,3,NA,NA,NA,NA,NA,NA,NA,NA,NA,NA,TRUE,TRUE,FALSE
233700,African Americans - European Americans,Evaluation,0.777,4,5,4,4,4,4,4,6,4,NA,NA,NA,NA,NA,NA,NA,NA,NA,NA,NA,NA,NA,NA,NA,NA,NA,NA,NA,NA,NA,NA,NA,NA,NA,6,4,6,5,6,4,5,2,6,3,TRUE,TRUE,FALSE
246726,African Americans - European Americans,Evaluation,0.362,2,5,1,6,6,1,6,2,5,NA,NA,NA,NA,NA,NA,NA,NA,NA,NA,NA,NA,NA,NA,NA,NA,NA,NA,NA,NA,NA,NA,NA,NA,NA,4,2,5,4,4,5,5,4,6,4,TRUE,TRUE,FALSE
298159,African Americans - European Americans,Evaluation,-0.979,NA,NA,NA,NA,NA,NA,NA,NA,NA,5,1,5,4,3,4,4,5,4,4,5,4,6,4,5,1,6,2,4,1,1,6,6,5,4,NA,NA,NA,NA,NA,NA,NA,NA,NA,NA,TRUE,TRUE,FALSE
343463,African Americans - European Americans,Evaluation,-0.423,4,5,2,4,5,4,6,2,5,NA,NA,NA,NA,NA,NA,NA,NA,NA,NA,NA,NA,NA,NA,NA,NA,NA,NA,NA,NA,NA,NA,NA,NA,NA,4,5,6,5,5,3,5,4,5,2,TRUE,TRUE,FALSE
343750,African Americans - European Americans,Evaluation,0.294,4,4,2,5,5,4,5,3,5,NA,NA,NA,NA,NA,NA,NA,NA,NA,NA,NA,NA,NA,NA,NA,NA,NA,NA,NA,NA,NA,NA,NA,NA,NA,4,5,6,2,4,4,6,4,5,2,TRUE,TRUE,FALSE
348917,African Americans - European Americans,Evaluation,0.833,4,6,1,6,6,1,5,2,6,NA,NA,NA,NA,NA,NA,NA,NA,NA,NA,NA,NA,NA,NA,NA,NA,NA,NA,NA,NA,NA,NA,NA,NA,NA,5,5,6,4,6,4,6,1,5,1,TRUE,TRUE,FALSE
350255,African Americans - European Americans,Evaluation,0.911,4,5,2,6,1,3,6,1,6,NA,NA,NA,NA,NA,NA,NA,NA,NA,NA,NA,NA,NA,NA,NA,NA,NA,NA,NA,NA,NA,NA,NA,NA,NA,5,1,6,4,5,5,2,1,5,4,TRUE,TRUE,FALSE
353512,African Americans - European Americans,Evaluation,0.496,2,6,1,4,3,2,5,2,6,NA,NA,NA,NA,NA,NA,NA,NA,NA,NA,NA,NA,NA,NA,NA,NA,NA,NA,NA,NA,NA,NA,NA,NA,NA,6,6,6,6,6,6,6,1,6,1,TRUE,TRUE,FALSE
360521,African Americans - European Americans,Evaluation,0.695,3,6,4,6,6,4,6,4,6,NA,NA,NA,NA,NA,NA,NA,NA,NA,NA,NA,NA,NA,NA,NA,NA,NA,NA,NA,NA,NA,NA,NA,NA,NA,4,4,6,4,6,4,6,2,6,4,TRUE,TRUE,FALSE
450960,African Americans - European Americans,Evaluation,0.106,NA,NA,NA,NA,NA,NA,NA,NA,NA,5,4,6,4,3,5,6,6,4,4,4,5,5,4,5,4,5,2,4,4,2,5,4,5,2,NA,NA,NA,NA,NA,NA,NA,NA,NA,NA,TRUE,TRUE,FALSE
453001,African Americans - European Americans,Evaluation,0.174,1,6,2,6,6,1,5,3,6,NA,NA,NA,NA,NA,NA,NA,NA,NA,NA,NA,NA,NA,NA,NA,NA,NA,NA,NA,NA,NA,NA,NA,NA,NA,5,3,6,6,5,6,5,1,6,5,TRUE,TRUE,FALSE
455618,African Americans - European Americans,Evaluation,0.102,NA,NA,NA,NA,NA,NA,NA,NA,NA,4,3,4,1,1,2,4,2,6,3,6,4,6,6,1,6,1,3,3,6,6,6,2,1,5,NA,NA,NA,NA,NA,NA,NA,NA,NA,NA,TRUE,TRUE,FALSE
462128,African Americans - European Americans,Evaluation,0.603,NA,NA,NA,NA,NA,NA,NA,NA,NA,5,4,6,4,4,3,5,5,5,5,2,1,4,3,5,4,5,2,4,4,5,5,4,6,4,NA,NA,NA,NA,NA,NA,NA,NA,NA,NA,TRUE,TRUE,FALSE
526620,African Americans - European Americans,Evaluation,0.321,NA,NA,NA,NA,NA,NA,NA,NA,NA,5,2,5,1,1,6,5,6,2,3,4,5,5,5,5,5,5,1,5,1,1,5,4,3,2,NA,NA,NA,NA,NA,NA,NA,NA,NA,NA,TRUE,TRUE,FALSE
548565,African Americans - European Americans,Evaluation,0.352,5,6,2,5,5,2,6,2,5,NA,NA,NA,NA,NA,NA,NA,NA,NA,NA,NA,NA,NA,NA,NA,NA,NA,NA,NA,NA,NA,NA,NA,NA,NA,4,5,5,4,5,2,5,4,4,2,TRUE,TRUE,FALSE
558041,African Americans - European Americans,Evaluation,-1.108,NA,NA,NA,NA,NA,NA,NA,NA,NA,5,1,6,5,1,5,5,6,3,6,5,6,5,5,4,5,4,1,4,4,4,5,4,5,2,NA,NA,NA,NA,NA,NA,NA,NA,NA,NA,TRUE,TRUE,FALSE
579249,African Americans - European Americans,Evaluation,0.457,4,4,4,5,5,4,6,4,5,NA,NA,NA,NA,NA,NA,NA,NA,NA,NA,NA,NA,NA,NA,NA,NA,NA,NA,NA,NA,NA,NA,NA,NA,NA,4,4,5,4,4,4,5,5,4,2,TRUE,TRUE,FALSE
617893,African Americans - European Americans,Evaluation,0.615,3,4,2,4,5,4,4,3,4,NA,NA,NA,NA,NA,NA,NA,NA,NA,NA,NA,NA,NA,NA,NA,NA,NA,NA,NA,NA,NA,NA,NA,NA,NA,4,3,5,5,4,5,3,4,4,5,TRUE,TRUE,FALSE
634062,African Americans - European Americans,Evaluation,0.848,4,NA,1,5,4,2,5,2,5,NA,NA,NA,NA,NA,NA,NA,NA,NA,NA,NA,NA,NA,NA,NA,NA,NA,NA,NA,NA,NA,NA,NA,NA,NA,6,3,5,6,5,5,4,5,6,2,TRUE,FALSE,FALSE
652538,African Americans - European Americans,Evaluation,-0.04,NA,NA,NA,NA,NA,NA,NA,NA,NA,5,4,6,4,4,6,5,5,5,5,4,5,6,5,5,5,5,4,5,5,5,5,4,5,5,NA,NA,NA,NA,NA,NA,NA,NA,NA,NA,TRUE,TRUE,FALSE
668486,African Americans - European Americans,Evaluation,0.736,NA,NA,NA,NA,NA,NA,NA,NA,NA,5,5,5,4,4,4,4,4,2,3,5,5,5,4,6,4,4,4,4,5,3,3,3,4,3,NA,NA,NA,NA,NA,NA,NA,NA,NA,NA,TRUE,TRUE,FALSE
664326,African Americans - European Americans,Evaluation,0.06,NA,NA,NA,NA,NA,NA,NA,NA,NA,6,3,6,5,5,6,5,6,2,3,4,4,4,4,5,4,3,2,6,3,3,5,6,6,3,NA,NA,NA,NA,NA,NA,NA,NA,NA,NA,TRUE,TRUE,FALSE
194648,African Americans - European Americans,Evaluation,0.383,4,5,1,6,5,2,5,4,6,NA,NA,NA,NA,NA,NA,NA,NA,NA,NA,NA,NA,NA,NA,NA,NA,NA,NA,NA,NA,NA,NA,NA,NA,NA,5,4,6,5,6,4,4,5,5,2,TRUE,TRUE,FALSE
173703,African Americans - European Americans,Evaluation,0.824,NA,NA,NA,NA,NA,NA,NA,NA,NA,6,5,5,5,4,5,5,5,3,5,3,6,6,1,6,3,6,2,5,3,2,6,4,5,3,NA,NA,NA,NA,NA,NA,NA,NA,NA,NA,TRUE,TRUE,FALSE
167754,African Americans - European Americans,Evaluation,0.099,2,4,1,5,6,2,4,4,6,NA,NA,NA,NA,NA,NA,NA,NA,NA,NA,NA,NA,NA,NA,NA,NA,NA,NA,NA,NA,NA,NA,NA,NA,NA,5,4,6,5,5,4,6,1,6,2,TRUE,TRUE,FALSE
501196,African Americans - European Americans,Evaluation,0.615,4,4,3,3,5,5,4,2,4,NA,NA,NA,NA,NA,NA,NA,NA,NA,NA,NA,NA,NA,NA,NA,NA,NA,NA,NA,NA,NA,NA,NA,NA,NA,4,5,6,5,5,4,4,3,5,3,TRUE,TRUE,FALSE
217118,African Americans - European Americans,Evaluation,0.711,NA,NA,NA,NA,NA,NA,NA,NA,NA,4,3,5,4,6,5,2,5,6,5,2,5,5,3,5,4,5,2,6,3,1,6,1,6,3,NA,NA,NA,NA,NA,NA,NA,NA,NA,NA,TRUE,TRUE,FALSE
217597,African Americans - European Americans,Evaluation,0.363,4,4,4,4,4,2,4,4,4,NA,NA,NA,NA,NA,NA,NA,NA,NA,NA,NA,NA,NA,NA,NA,NA,NA,NA,NA,NA,NA,NA,NA,NA,NA,4,4,5,4,3,4,4,4,4,3,TRUE,TRUE,FALSE
309503,African Americans - European Americans,Evaluation,-0.08,NA,NA,NA,NA,NA,NA,NA,NA,NA,5,2,5,5,3,5,5,4,2,3,4,3,4,5,3,5,3,4,5,2,4,5,2,5,4,NA,NA,NA,NA,NA,NA,NA,NA,NA,NA,TRUE,TRUE,FALSE
311846,African Americans - European Americans,Evaluation,0.23,NA,NA,NA,NA,NA,NA,NA,NA,NA,5,1,5,1,2,6,1,5,5,1,6,3,5,6,5,6,4,5,5,5,4,6,5,5,4,NA,NA,NA,NA,NA,NA,NA,NA,NA,NA,TRUE,TRUE,FALSE
340489,African Americans - European Americans,Evaluation,0.426,3,4,2,5,4,4,4,3,5,NA,NA,NA,NA,NA,NA,NA,NA,NA,NA,NA,NA,NA,NA,NA,NA,NA,NA,NA,NA,NA,NA,NA,NA,NA,3,3,5,3,4,3,5,2,5,2,TRUE,TRUE,FALSE
353222,African Americans - European Americans,Evaluation,0.496,6,5,4,2,6,2,5,5,5,NA,NA,NA,NA,NA,NA,NA,NA,NA,NA,NA,NA,NA,NA,NA,NA,NA,NA,NA,NA,NA,NA,NA,NA,NA,2,4,5,1,2,3,5,4,3,5,TRUE,TRUE,FALSE
393892,African Americans - European Americans,Evaluation,-0.791,3,4,2,4,6,4,5,3,4,NA,NA,NA,NA,NA,NA,NA,NA,NA,NA,NA,NA,NA,NA,NA,NA,NA,NA,NA,NA,NA,NA,NA,NA,NA,5,3,5,6,5,5,4,3,5,2,TRUE,TRUE,FALSE
395088,African Americans - European Americans,Evaluation,0.465,NA,NA,NA,NA,NA,NA,NA,NA,NA,6,2,6,2,5,5,6,5,5,5,5,4,4,2,6,2,2,1,5,4,4,2,4,5,1,NA,NA,NA,NA,NA,NA,NA,NA,NA,NA,TRUE,TRUE,FALSE
440645,African Americans - European Americans,Evaluation,0.277,NA,NA,NA,NA,NA,NA,NA,NA,NA,5,2,6,1,2,5,5,5,3,5,2,4,5,2,6,2,5,2,4,4,4,6,2,5,4,NA,NA,NA,NA,NA,NA,NA,NA,NA,NA,TRUE,TRUE,FALSE
448235,African Americans - European Americans,Evaluation,-0.258,6,6,1,1,2,6,3,5,6,NA,NA,NA,NA,NA,NA,NA,NA,NA,NA,NA,NA,NA,NA,NA,NA,NA,NA,NA,NA,NA,NA,NA,NA,NA,6,5,6,6,6,6,5,1,6,1,TRUE,TRUE,FALSE
460603,African Americans - European Americans,Evaluation,0.541,NA,NA,NA,NA,NA,NA,NA,NA,NA,6,3,6,2,2,6,6,4,2,2,6,5,5,6,5,6,2,2,5,4,5,5,4,4,3,NA,NA,NA,NA,NA,NA,NA,NA,NA,NA,TRUE,TRUE,FALSE
497745,African Americans - European Americans,Evaluation,0.08,NA,NA,NA,NA,NA,NA,NA,NA,NA,4,5,5,3,5,3,3,3,4,4,4,5,4,4,4,4,5,1,4,3,3,5,5,3,3,NA,NA,NA,NA,NA,NA,NA,NA,NA,NA,TRUE,TRUE,FALSE
505557,African Americans - European Americans,Evaluation,0.196,6,6,4,1,1,1,4,4,6,NA,NA,NA,NA,NA,NA,NA,NA,NA,NA,NA,NA,NA,NA,NA,NA,NA,NA,NA,NA,NA,NA,NA,NA,NA,4,1,4,6,4,6,6,3,6,6,TRUE,TRUE,FALSE
523839,African Americans - European Americans,Evaluation,-0.112,3,6,1,6,5,1,6,2,6,NA,NA,NA,NA,NA,NA,NA,NA,NA,NA,NA,NA,NA,NA,NA,NA,NA,NA,NA,NA,NA,NA,NA,NA,NA,6,2,6,4,6,4,3,1,4,3,TRUE,TRUE,FALSE
549211,African Americans - European Americans,Evaluation,1.113,NA,NA,NA,NA,NA,NA,NA,NA,NA,2,2,2,4,2,5,5,2,2,5,2,5,6,2,5,6,5,6,2,5,4,5,2,6,6,NA,NA,NA,NA,NA,NA,NA,NA,NA,NA,TRUE,TRUE,FALSE
596741,African Americans - European Americans,Evaluation,-0.093,NA,NA,NA,NA,NA,NA,NA,NA,NA,6,5,4,4,4,3,3,4,3,6,3,6,5,5,4,5,6,5,4,5,5,5,4,4,3,NA,NA,NA,NA,NA,NA,NA,NA,NA,NA,TRUE,TRUE,FALSE
628838,African Americans - European Americans,Evaluation,0.391,NA,NA,NA,NA,NA,NA,NA,NA,NA,4,5,5,4,5,4,4,4,5,3,4,3,4,5,3,5,2,4,3,5,5,4,5,3,5,NA,NA,NA,NA,NA,NA,NA,NA,NA,NA,TRUE,TRUE,FALSE
648950,African Americans - European Americans,Evaluation,0.568,4,6,2,5,1,2,6,2,5,NA,NA,NA,NA,NA,NA,NA,NA,NA,NA,NA,NA,NA,NA,NA,NA,NA,NA,NA,NA,NA,NA,NA,NA,NA,5,5,6,5,3,4,5,3,5,3,TRUE,TRUE,FALSE
199840,African Americans - European Americans,Evaluation,0.421,5,5,4,2,2,3,3,5,4,NA,NA,NA,NA,NA,NA,NA,NA,NA,NA,NA,NA,NA,NA,NA,NA,NA,NA,NA,NA,NA,NA,NA,NA,NA,5,5,6,5,5,5,4,3,5,1,TRUE,TRUE,FALSE
199166,African Americans - European Americans,Evaluation,1.018,4,4,2,6,4,1,4,5,6,NA,NA,NA,NA,NA,NA,NA,NA,NA,NA,NA,NA,NA,NA,NA,NA,NA,NA,NA,NA,NA,NA,NA,NA,NA,5,5,6,5,6,6,6,2,4,1,TRUE,TRUE,FALSE
195431,African Americans - European Americans,Evaluation,0.286,5,3,2,2,3,4,2,3,2,NA,NA,NA,NA,NA,NA,NA,NA,NA,NA,NA,NA,NA,NA,NA,NA,NA,NA,NA,NA,NA,NA,NA,NA,NA,3,5,5,6,3,3,4,3,6,5,TRUE,TRUE,FALSE
183947,African Americans - European Americans,Evaluation,0.761,NA,NA,NA,NA,NA,NA,NA,NA,NA,6,1,6,1,6,6,2,6,NA,6,4,1,3,5,5,3,1,4,6,4,1,1,2,6,4,NA,NA,NA,NA,NA,NA,NA,NA,NA,NA,TRUE,FALSE,FALSE
179074,African Americans - European Americans,Evaluation,0.594,NA,NA,NA,NA,NA,NA,NA,NA,NA,2,6,3,3,4,6,6,5,6,3,1,5,5,3,3,5,1,1,6,5,2,5,2,6,5,NA,NA,NA,NA,NA,NA,NA,NA,NA,NA,TRUE,TRUE,FALSE
164311,African Americans - European Americans,Evaluation,-0.073,NA,NA,NA,NA,NA,NA,NA,NA,NA,6,2,6,1,1,6,6,6,1,6,2,5,5,2,6,4,6,1,5,5,2,6,2,5,2,NA,NA,NA,NA,NA,NA,NA,NA,NA,NA,TRUE,TRUE,FALSE
